"","business_id","word_count","stars","sentiment"
"1","epWC7CGRbNHkXM7G2ulYzQ",9,3,0
"2","Ev142kLmV_ASI9iAl-KfKA",11,3,0.241209075662211
"3","Ev142kLmV_ASI9iAl-KfKA",7,4,0.28347335475692
"4","Ev142kLmV_ASI9iAl-KfKA",33,1,-0.239356776939085
"5","Ev142kLmV_ASI9iAl-KfKA",14,1,0.267261241912424
"6","Ev142kLmV_ASI9iAl-KfKA",33,1,0.205411634027723
"7","Ev142kLmV_ASI9iAl-KfKA",35,1,0.0316932845523194
"8","Ev142kLmV_ASI9iAl-KfKA",20,5,0.167705098312484
"9","eigkQ_PuRON8Se265NqQDQ",23,1,5.7874375863097e-18
"10","eigkQ_PuRON8Se265NqQDQ",12,4,0.21650635094611
"11","eigkQ_PuRON8Se265NqQDQ",8,3,0.106066017177982
"12","eigkQ_PuRON8Se265NqQDQ",34,2,-0.145773797371132
"13","eigkQ_PuRON8Se265NqQDQ",23,3,0
"14","eigkQ_PuRON8Se265NqQDQ",5,4,0
"15","CqCWN9aBJf8YNJxyel7psg",19,5,-0.0573539334676404
"16","CqCWN9aBJf8YNJxyel7psg",11,4,0
"17","CqCWN9aBJf8YNJxyel7psg",17,4,0
"18","CqCWN9aBJf8YNJxyel7psg",18,4,0
"19","CqCWN9aBJf8YNJxyel7psg",17,4,0.400183781309949
"20","CqCWN9aBJf8YNJxyel7psg",15,3,0.129099444873581
"21","CqCWN9aBJf8YNJxyel7psg",12,4,0.23094010767585
"22","CqCWN9aBJf8YNJxyel7psg",10,2,0.158113883008419
"23","tstXUpIFZQ9xYejjGQrDwg",13,1,0.249615088301353
"24","tstXUpIFZQ9xYejjGQrDwg",4,1,0.5
"25","tstXUpIFZQ9xYejjGQrDwg",34,2,0.128623938856882
"26","tstXUpIFZQ9xYejjGQrDwg",14,1,-0.133630620956212
"27","tstXUpIFZQ9xYejjGQrDwg",7,1,0
"28","tstXUpIFZQ9xYejjGQrDwg",15,1,0
"29","tstXUpIFZQ9xYejjGQrDwg",23,2,-0.505647454088406
"30","tstXUpIFZQ9xYejjGQrDwg",28,2,0.000113389341902768
"31","bftSQN9eaE5EQBe3ZztN8Q",13,2,0
"32","fiRbomFAAtfTYOTTtnDUcA",19,4,0.355594387499371
"33","r2BP0Irh63hqYUDSZd0ijQ",27,3,-0.0481125224324688
"34","r2BP0Irh63hqYUDSZd0ijQ",16,3,-0.4375
"35","r2BP0Irh63hqYUDSZd0ijQ",21,2,0
"36","r2BP0Irh63hqYUDSZd0ijQ",13,2,-0.138675049056307
"37","r2BP0Irh63hqYUDSZd0ijQ",20,2,-0.178885438199983
"38","JdQNxOiUFt0r2NN__rKnOw",29,3,0.297112541083283
"39","CiNZmBtZRaRSXKjwun4R4A",18,5,-0.0942809041582063
"40","Uda-CqNfow8Gh4rgtdhJZg",24,4,-0.163299316185545
"41","R7eLlAdeIYsxux_Vm0l5sg",22,4,-0.159900537266708
"42","R7eLlAdeIYsxux_Vm0l5sg",29,4,0.111417202906231
"43","R7eLlAdeIYsxux_Vm0l5sg",16,1,0
"44","R7eLlAdeIYsxux_Vm0l5sg",21,1,-0.130930734141595
"45","R7eLlAdeIYsxux_Vm0l5sg",29,1,-0.185695338177052
"46","R7eLlAdeIYsxux_Vm0l5sg",27,4,-0.0673575314054563
"47","R7eLlAdeIYsxux_Vm0l5sg",10,4,0.347850542618522
"48","sbm0jmhWui8YrvFgxnJ4kQ",17,1,0
"49","sbm0jmhWui8YrvFgxnJ4kQ",20,1,0
"50","sbm0jmhWui8YrvFgxnJ4kQ",10,1,0
"51","sbm0jmhWui8YrvFgxnJ4kQ",16,4,-6.25000000000001e-05
"52","oRKyGtUsN5IcRReN7ScUwQ",23,4,0.656820404279785
"53","Q9jOi1245KEyb-vehMUeFA",12,2,0
"54","Q9jOi1245KEyb-vehMUeFA",16,4,0.5
"55","Q9jOi1245KEyb-vehMUeFA",13,4,0.346687622640768
"56","UgWVMUWFrr6bt3NSfuKrGQ",24,5,0.306186217847897
"57","UgWVMUWFrr6bt3NSfuKrGQ",13,4,-0.0416025147168922
"58","UgWVMUWFrr6bt3NSfuKrGQ",37,1,0.575396455568751
"59","UgWVMUWFrr6bt3NSfuKrGQ",17,4,0.242535625036333
"60","UgWVMUWFrr6bt3NSfuKrGQ",1,5,0
"61","UgWVMUWFrr6bt3NSfuKrGQ",19,5,0.172061800402921
"62","TEXUVhF-G_v2Sxwqti8HQA",6,1,0.347011046894284
"63","TEXUVhF-G_v2Sxwqti8HQA",20,4,0.391311896062463
"64","y5drVdOn-r6OyEJnpH3fjQ",15,3,0
"65","TQqhfjlPVEz41K_wAogQSQ",13,4,0
"66","eY2i8JbK0AnFvMs-CyV39w",11,1,0.226133508433323
"67","n5BPR_prEPB4B3lxUpoX4g",31,1,0
"68","sYf2auhosrx8trbyP9nGyw",29,3,-0.742799922242025
"69","sYf2auhosrx8trbyP9nGyw",16,1,0
"70","lop2cMZ8mml0PqY1epavbA",17,1,-0.0970142500145332
"71","lop2cMZ8mml0PqY1epavbA",7,1,0
"72","oPvYovnl06fy5W0e51zjMQ",19,3,0.373029983273533
"73","oPvYovnl06fy5W0e51zjMQ",21,5,-0.109108945117996
"74","oPvYovnl06fy5W0e51zjMQ",17,5,0.0363803437554499
"75","CnmhEiSGkIgUdFGN-rpaHw",11,4,0.180831428910514
"76","HQhy9jCF-GBb9x-xhJ1rJQ",11,5,0.301511344577764
"77","ulLQMYF2gGIWZg9Yhybz0w",19,3,0.229415733870562
"78","ulLQMYF2gGIWZg9Yhybz0w",17,5,0
"79","ulLQMYF2gGIWZg9Yhybz0w",8,5,0
"80","iytPyg_lc_cBb3id1oaDGA",43,1,0.099124070716193
"81","iytPyg_lc_cBb3id1oaDGA",14,5,0
"82","iytPyg_lc_cBb3id1oaDGA",4,5,0.375
"83","iytPyg_lc_cBb3id1oaDGA",14,4,-0.133630620956212
"84","iytPyg_lc_cBb3id1oaDGA",29,1,0.046423834544263
"85","38aN0fB_zHtkw1kb3lSj8g",21,2,0.163663417676994
"86","38aN0fB_zHtkw1kb3lSj8g",20,4,0.301869176962472
"87","38aN0fB_zHtkw1kb3lSj8g",15,4,-0.0645497224367903
"88","38aN0fB_zHtkw1kb3lSj8g",8,4,-0.353553390593274
"89","7-OCdlOQQCHAqYDI_elK6Q",11,5,0
"90","7-OCdlOQQCHAqYDI_elK6Q",17,5,0.315296312547233
"91","7-OCdlOQQCHAqYDI_elK6Q",24,4,-0.0510310363079829
"92","7-OCdlOQQCHAqYDI_elK6Q",16,4,0.1875
"93","JZ4ZRdRSllhuAt94tFCH8w",23,4,0.104257207028537
"94","BMR_AsSBzTQHqW-SQabI4w",16,1,-0.0625
"95","BMR_AsSBzTQHqW-SQabI4w",21,1,0.28368325730679
"96","EDjKoA9kv4bn9UXnocnFXA",11,1,-0.452267016866645
"97","TwYdL1qY7FFBl1BqCo-CJw",11,4,0.301511344577764
"98","BeVO7CR25FBOCJoOIJiQvw",17,4,0
"99","BeVO7CR25FBOCJoOIJiQvw",24,2,-0.122474487139159
"100","00J65e-ewht6GZ9fXZdP1w",20,1,-0.0335410196624968
"101","jW4-bGuymLGlB9OBsTq3TA",10,5,0.221359436211787
"102","P4uQXhzxjKFBtnqfx_O4tA",24,1,-0.275567596063108
"103","NnOAwa0A2tNPnZl9IHVLPQ",12,5,0.577350269189626
"104","NnOAwa0A2tNPnZl9IHVLPQ",6,5,-0.32659863237109
"105","1-b05KzlioUXxSbl53gcNg",13,4,0.208012573584461
"106","wTBfpTjdWG_zoE62B_bLtA",13,2,0.138675049056307
"107","HO3K5PGB5-v8fXzBADRKQg",8,1,-0.530330085889911
"108","HO3K5PGB5-v8fXzBADRKQg",19,1,0
"109","HO3K5PGB5-v8fXzBADRKQg",15,1,0
"110","HO3K5PGB5-v8fXzBADRKQg",8,1,0
"111","HO3K5PGB5-v8fXzBADRKQg",24,4,0.540928984864618
"112","HO3K5PGB5-v8fXzBADRKQg",19,5,0
"113","1EcTLweQoXJPjC-ETL_8fw",23,1,-0.125108648434245
"114","JexI9opGP2n_Xv6IKnN0Bg",7,3,0
"115","JexI9opGP2n_Xv6IKnN0Bg",20,3,0
"116","JexI9opGP2n_Xv6IKnN0Bg",7,1,0.0377964473009227
"117","Tz4fdGixKO3_HvOh8i81Iw",12,1,0.404145188432738
"118","Tz4fdGixKO3_HvOh8i81Iw",44,1,-0.082915619758885
"119","39lLJK_rrYY2NYomSsQdUA",20,2,0.0447213595499958
"120","sNJRwmDtSRsnnhtqD0HfLw",12,4,0
"121","uLUjru9JVkI_qmFHCxYwAQ",18,4,0.117851130197758
"122","uLUjru9JVkI_qmFHCxYwAQ",8,4,0.265165042944955
"123","uLUjru9JVkI_qmFHCxYwAQ",23,2,-0.16681153124566
"124","uLUjru9JVkI_qmFHCxYwAQ",13,2,-0.291217603018245
"125","uLUjru9JVkI_qmFHCxYwAQ",13,2,0.277350098112615
"126","Zp2vJfHciG9IiXfmtH5Wdw",37,4,0.148024848169744
"127","Zp2vJfHciG9IiXfmtH5Wdw",18,1,-0.153206469257085
"128","2uOUtyXYDr47V1Ka-ia0Ag",54,4,0.489897948556636
"129","gbDZhohLAOL1ufdVWHMTxQ",35,4,0
"130","Piw4Xr1wNyL4lgmwLZ2eTg",12,4,0
"131","Piw4Xr1wNyL4lgmwLZ2eTg",6,4,0
"132","4NkEWTs76FplOihc-qyBZQ",21,5,0.109108945117996
"133","ZkzutF0P_u0C0yTulwaHkA",22,5,0.383761289440099
"134","_d69ooWJ_7AXYQRvVNSjmQ",11,2,0.33166247903554
"135","GPRBJhVxvTmRnWEWsI8Myw",17,2,0.1455213750218
"136","GPRBJhVxvTmRnWEWsI8Myw",14,2,0.200445931434318
"137","E_tvJL3lfmCTWAcq2js8Kw",16,2,-0.25
"138","LTPcaw-_IqOfTSDxe8811A",18,4,-0.0707106781186548
"139","grtgCs-Ni4lTIJJr3dOu_w",10,4,0.284604989415154
"140","grtgCs-Ni4lTIJJr3dOu_w",17,4,0.797275233400686
"141","HjdEgAATE1UgqfxG_0clDQ",22,3,0
"142","HjdEgAATE1UgqfxG_0clDQ",22,3,0.170560573084488
"143","HjdEgAATE1UgqfxG_0clDQ",16,3,0.1375
"144","kdA5JlSuysSCsphCWpoqpg",19,3,0.470302254434652
"145","YUpTWjuCgOL51Wti8XKxRw",7,5,0.188982236504614
"146","YUpTWjuCgOL51Wti8XKxRw",22,1,0.170560573084488
"147","YUpTWjuCgOL51Wti8XKxRw",11,1,-0.241209075662211
"148","P_PCpidHJQksW2-ufqoz4w",26,4,0.098058067569092
"149","P_PCpidHJQksW2-ufqoz4w",6,3,0
"150","GqH0U0E3Te5pUUjyiIzNBQ",19,5,0.195003373789977
"151","4s-eHLQcoMqAgfzbiQsKIw",28,3,0.0188982236504614
"152","k4Vhhh4h4cNCQmnxWiy79Q",17,4,0.18190171877725
"153","70xIqwlxO2m1d7g0cC3Vrw",5,1,-0.447213595499958
"154","70xIqwlxO2m1d7g0cC3Vrw",12,1,-0.21650635094611
"155","70xIqwlxO2m1d7g0cC3Vrw",31,1,0.35921060405355
"156","70xIqwlxO2m1d7g0cC3Vrw",21,1,0.130930734141595
"157","70xIqwlxO2m1d7g0cC3Vrw",22,1,0
"158","70xIqwlxO2m1d7g0cC3Vrw",25,1,0.18
"159","70xIqwlxO2m1d7g0cC3Vrw",21,1,-0.218217890235992
"160","70xIqwlxO2m1d7g0cC3Vrw",27,1,0
"161","70xIqwlxO2m1d7g0cC3Vrw",44,1,0.0376889180722205
"162","53-Y3Jw20QV6TeDkRjSyJQ",23,4,0
"163","WQtacDLMzqmWC4Ks6cMyFQ",11,5,0.150755672288882
"164","WxHgUs1JDtubttO3MkQR_Q",31,1,0.152664506722759
"165","hV9XufCpXMn2eOHzKZshHQ",9,3,0
"166","gWsWtppVufrGfGWw1HcjOA",19,3,-0.172061800402921
"167","gWsWtppVufrGfGWw1HcjOA",19,3,0.114707866935281
"168","gWsWtppVufrGfGWw1HcjOA",11,1,0
"169","gWsWtppVufrGfGWw1HcjOA",24,1,0
"170","aaEdLuaBvgNZWdc_I5O82g",17,1,0
"171","_LdcfborL4KV5cJeaP-pjw",11,4,0.467342584095534
"172","_qoXWEB5qb0Me1CCMLWlmg",28,5,0.28347335475692
"173","YrFYBMWnRWkRpy9XyMfMRw",20,4,-0.111803398874989
"174","Eg_M8eeu9SDEdbP7iUmVbQ",36,5,0.183333333333333
"175","zUE7mWTE5Ee8adPD1eWbUg",20,4,-0.201246117974981
"176","zUE7mWTE5Ee8adPD1eWbUg",47,1,-0.00729324957489473
"177","zUE7mWTE5Ee8adPD1eWbUg",36,4,0.46675
"178","zUE7mWTE5Ee8adPD1eWbUg",41,1,-0.05153734142324
"179","zUE7mWTE5Ee8adPD1eWbUg",18,5,0.388908729652601
"180","zUE7mWTE5Ee8adPD1eWbUg",9,4,0.166666666666667
"181","j3IEZP4nQAt7fkxmerLMbA",14,4,0
"182","j3IEZP4nQAt7fkxmerLMbA",19,3,-0.133061125644926
"183","u8C8pRvaHXg3PgDrsUHJHQ",15,4,0.142009389360939
"184","u8C8pRvaHXg3PgDrsUHJHQ",38,4,0
"185","u8C8pRvaHXg3PgDrsUHJHQ",7,4,0
"186","u8C8pRvaHXg3PgDrsUHJHQ",28,4,0.28347335475692
"187","u8C8pRvaHXg3PgDrsUHJHQ",9,5,0
"188","4xnVH2jTVwrsO88q_jHWWw",31,1,0.21552636243213
"189","4xnVH2jTVwrsO88q_jHWWw",13,4,0.624037720753383
"190","-nZwVZqlk_ET-dpTtvEqPw",20,4,-0.167593294913609
"191","-nZwVZqlk_ET-dpTtvEqPw",14,4,0
"192","9eeOPBfiQ7ThdauEcivYkw",19,4,-0.0573539334676404
"193","xoA1_vsxC0xD_fPgDZ2mbg",23,5,0.271068738274197
"194","MWYJl-bIxhtQ-4Kg3ENUxA",16,1,-0.125
"195","MWYJl-bIxhtQ-4Kg3ENUxA",8,4,0.282842712474619
"196","MWYJl-bIxhtQ-4Kg3ENUxA",10,4,0.316227766016838
"197","MWYJl-bIxhtQ-4Kg3ENUxA",61,4,0
"198","MWYJl-bIxhtQ-4Kg3ENUxA",9,4,0.416666666666667
"199","MWYJl-bIxhtQ-4Kg3ENUxA",27,4,0.1539600717839
"200","Xl6FT63CXaRSbj4Lq2b7Yg",21,5,0.087287156094397
"201","41LcUz0kXaYHiMf8rUS_aQ",21,4,0
"202","41LcUz0kXaYHiMf8rUS_aQ",17,3,-0.194028500029066
"203","41LcUz0kXaYHiMf8rUS_aQ",11,3,-0.0603022689155527
"204","TU2oECyx4VhCnzRzGzOlTg",31,4,0.00898026510133874
"205","2koGK8csbE3AIFf7r2dMNw",8,5,0.176776695296637
"206","2koGK8csbE3AIFf7r2dMNw",51,1,0.0420084025208403
"207","LXVwq9kk7ThMVxsPtRjbjQ",16,3,-0.2
"208","LXVwq9kk7ThMVxsPtRjbjQ",19,5,0
"209","DUuZjarJ7vOHJNEHNI0WUw",8,4,0
"210","syK8j95vkxKeHmQ3xyKnPQ",46,1,-0.0129011711635535
"211","syK8j95vkxKeHmQ3xyKnPQ",45,4,0.469574275274956
"212","fMdnlYyN5EMhafyE3dGTFQ",21,3,0.163663417676994
"213","fMdnlYyN5EMhafyE3dGTFQ",17,3,0.18190171877725
"214","LwFlN4-f4cPHx6-gk8HlUw",10,1,0
"215","2wU2cdWiKegJujTliMJx0w",22,3,0
"216","2wU2cdWiKegJujTliMJx0w",23,3,0
"217","2wU2cdWiKegJujTliMJx0w",46,3,0.309628107925284
"218","2wU2cdWiKegJujTliMJx0w",9,5,0
"219","2wU2cdWiKegJujTliMJx0w",13,4,0
"220","2wU2cdWiKegJujTliMJx0w",19,4,0
"221","KLEq6wOySURxlZtgl88Ztg",34,1,0.137198868114007
"222","KLEq6wOySURxlZtgl88Ztg",12,4,0
"223","DbJco15A2QEk26ZXZ43rOw",16,1,0.15
"224","DbJco15A2QEk26ZXZ43rOw",21,1,-0.218217890235992
"225","DbJco15A2QEk26ZXZ43rOw",19,1,0
"226","kmq0Y15icHK36kpJyho_Zw",11,5,0.120604537831105
"227","bY6cylV5ASHvD-gCuKTptQ",22,3,0.0639602149066831
"228","OacH3fpQxtfk7NU-s-Rmmw",11,4,0.0753778361444409
"229","cdLjMoQPRtdWN4g6LW650w",61,2,0.140936595586135
"230","cdLjMoQPRtdWN4g6LW650w",39,2,-0.0240192230707631
"231","cdLjMoQPRtdWN4g6LW650w",5,4,0
"232","lr24BCFNXmnFsIXk4utUjQ",17,4,0.0970142500145332
"233","_MW_OR1UgzWoxzbhcOsIHA",28,3,0.170084012854152
"234","_MW_OR1UgzWoxzbhcOsIHA",30,3,0.146059348668044
"235","_MW_OR1UgzWoxzbhcOsIHA",12,4,0.288675134594813
"236","_MW_OR1UgzWoxzbhcOsIHA",10,3,-0.205548047910945
"237","dkJb9ustnZNogY4QDvjaYw",12,5,-0.0721687836487032
"238","EFq1p7Nm1SkCqT2RQWI67A",14,3,0.734968415259167
"239","_mJG1LOO47P0OQOJTNKQxA",10,3,0.158113883008419
"240","_cySQtzW1NAQLciwjsnXrg",20,3,0
"241","_cySQtzW1NAQLciwjsnXrg",15,5,0.129099444873581
"242","_cySQtzW1NAQLciwjsnXrg",9,4,0.166666666666667
"243","of-a3UqUN5iz-ttBf0knig",27,4,0.0481125224324688
"244","O3BVb5A0djGMi8jAfr0-Lg",19,1,-0.114707866935281
"245","O3BVb5A0djGMi8jAfr0-Lg",51,4,-0.112022406722241
"246","O3BVb5A0djGMi8jAfr0-Lg",54,4,-0.0952579344415681
"247","hcryG9RkmK9oCELYLHukiQ",30,1,0
"248","lpm1DmC45R4paaP3kiwM5Q",17,5,0
"249","lpm1DmC45R4paaP3kiwM5Q",15,3,-0.000129099444873581
"250","-SNFOrPHya_I4m6vj491UQ",31,1,-0.134703976520081
"251","mqDh5Nr01wNP-1sPcwxAcQ",15,5,0.335658556671309
"252","o_V0HU7HGfmUZ4PD57CN1A",46,1,0.140069858347152
"253","ZjMNad9hCvBJficJA0bFRQ",15,2,0.258198889747161
"254","GWWIyxmD-lynwmiiv2zQUA",10,4,0.347850542618522
"255","AhySqKdERmUocQ_LGPd_Og",15,4,0.413118223595458
"256","AhySqKdERmUocQ_LGPd_Og",19,1,0.0229415733870562
"257","AhySqKdERmUocQ_LGPd_Og",15,3,0.413118223595458
"258","32DUrg5Thezf1eGsWK6Gdw",14,4,0.33407655239053
"259","sOXRk5TkFrz3pKzUYF1EEw",21,1,0.0218217890235992
"260","Ykg-jzdJS5UAlkF5YaCsyA",38,5,0.0811107105653813
"261","rIj7fC2wwRr_2iVSIAtbQw",12,1,0.115470053837925
"262","rIj7fC2wwRr_2iVSIAtbQw",19,1,0
"263","4BfmLcy9iMJSsFFKzyIfKQ",16,2,-0.0375
"264","4BfmLcy9iMJSsFFKzyIfKQ",49,1,-0.121428571428571
"265","4BfmLcy9iMJSsFFKzyIfKQ",10,1,-0.316227766016838
"266","4BfmLcy9iMJSsFFKzyIfKQ",22,1,0.0106600358177805
"267","W1vydY_gBcNQVsOGlkdtDA",9,4,0.0833333333333333
"268","NN7OUdRxgkoUvpI440UA7A",23,5,-0.166915788452688
"269","KbgfH1qMvnhMc7MSMZDs1Q",16,1,0
"270","l7qewKwTevZhOb5sKPdoeA",20,5,0.111803398874989
"271","t6OSEZiX-w68k2f3gR47qw",13,4,0
"272","cKM7-GGHYgXwTG4qjZ8xAg",11,5,0.241209075662211
"273","1pOqoAixFXrVci0kSZnbzQ",19,4,0.183532587096449
"274","1pOqoAixFXrVci0kSZnbzQ",8,4,0.000282842712474619
"275","1pOqoAixFXrVci0kSZnbzQ",18,4,0
"276","1pOqoAixFXrVci0kSZnbzQ",12,4,0.115470053837925
"277","l0_1vTmL0rzNE3JxIZPpdg",9,5,0.833333333333333
"278","__sXvAzVGUsK6AyzT19v6g",21,1,-0.174574312188794
"279","__sXvAzVGUsK6AyzT19v6g",18,1,0
"280","pvKp4m3eFeHv15kYZaq1Bw",23,1,-0.0521286035142687
"281","626YELArtYZoJ6XjwVmbaQ",14,1,0
"282","626YELArtYZoJ6XjwVmbaQ",24,1,-0.0816496580927726
"283","626YELArtYZoJ6XjwVmbaQ",20,1,0.0894427190999916
"284","626YELArtYZoJ6XjwVmbaQ",25,1,-0.08
"285","626YELArtYZoJ6XjwVmbaQ",23,2,-0.239791576165636
"286","3Vc8PmDGQbhwUX-xeRuQlA",12,5,0.0721687836487032
"287","8dRTawvY9n8yHPr-Q-XlsQ",21,1,0
"288","vdO7gFpp8tnieDN4Heuj_Q",12,4,0.519615242270663
"289","pqsNkM5pgbio1x-2HQoefw",12,3,0.21650635094611
"290","pqsNkM5pgbio1x-2HQoefw",10,4,0
"291","sjpsGKPABZDnABCv3wYtUQ",36,3,-0.166666666666667
"292","sjpsGKPABZDnABCv3wYtUQ",28,3,0.0944911182523068
"293","sjpsGKPABZDnABCv3wYtUQ",25,3,-0.05
"294","sjpsGKPABZDnABCv3wYtUQ",23,5,0.125108648434245
"295","sjpsGKPABZDnABCv3wYtUQ",20,3,0.201246117974981
"296","Nqs4_gT6nKyeTOJ_rgu1mg",15,1,-0.0258198889747161
"297","Nqs4_gT6nKyeTOJ_rgu1mg",17,3,0
"298","Nqs4_gT6nKyeTOJ_rgu1mg",19,3,-0.172061800402921
"299","Nqs4_gT6nKyeTOJ_rgu1mg",18,3,0.294627825494395
"300","Nqs4_gT6nKyeTOJ_rgu1mg",9,3,0
"301","Nqs4_gT6nKyeTOJ_rgu1mg",20,3,0
"302","Nqs4_gT6nKyeTOJ_rgu1mg",20,4,0
"303","Nqs4_gT6nKyeTOJ_rgu1mg",15,4,0.568037557443755
"304","Nqs4_gT6nKyeTOJ_rgu1mg",127,1,0.34169880786341
"305","Nqs4_gT6nKyeTOJ_rgu1mg",10,4,0
"306","Nqs4_gT6nKyeTOJ_rgu1mg",33,3,-0.0348155311911396
"307","Nqs4_gT6nKyeTOJ_rgu1mg",29,4,0.499102645185371
"308","Nqs4_gT6nKyeTOJ_rgu1mg",16,4,0
"309","B5hl4fV8ZmwN2bLDgdr0Fw",8,4,0
"310","XjAb0mxgCtq96pWWJjUBAg",10,4,0.355756236768943
"311","XjAb0mxgCtq96pWWJjUBAg",17,4,0.25466240628815
"312","XjAb0mxgCtq96pWWJjUBAg",53,1,0.171666364794874
"313","XjAb0mxgCtq96pWWJjUBAg",61,1,0.0512147519731584
"314","XjAb0mxgCtq96pWWJjUBAg",20,1,0.536656314599949
"315","XjAb0mxgCtq96pWWJjUBAg",26,4,-0.147087101353638
"316","XjAb0mxgCtq96pWWJjUBAg",22,4,0
"317","XjAb0mxgCtq96pWWJjUBAg",16,2,0
"318","XjAb0mxgCtq96pWWJjUBAg",7,2,0.188982236504614
"319","XjAb0mxgCtq96pWWJjUBAg",12,2,0.360843918243516
"320","XjAb0mxgCtq96pWWJjUBAg",11,2,0
"321","XjAb0mxgCtq96pWWJjUBAg",25,2,0.26
"322","XjAb0mxgCtq96pWWJjUBAg",15,2,-0.0387298334620742
"323","kwMJ4KfhEcrk9jiMe-S6wQ",11,2,0.301511344577764
"324","hQMx2ZbGAa_oxJNpnTZf8Q",19,2,0.229415733870562
"325","cugTYtxVL2Q6Kkd8w4xMNw",10,4,0.632455532033676
"326","2UCXCbv7qaO3d8FfQd4Ing",91,2,0.0891042111213631
"327","2UCXCbv7qaO3d8FfQd4Ing",17,3,0.1455213750218
"328","2UCXCbv7qaO3d8FfQd4Ing",58,3,0.00262612865719445
"329","2UCXCbv7qaO3d8FfQd4Ing",9,3,-0.166666666666667
"330","2UCXCbv7qaO3d8FfQd4Ing",31,1,0.28736848324284
"331","pGu7YwnkIueer-3r3pkQdg",33,4,0
"332","pGu7YwnkIueer-3r3pkQdg",11,5,-0.0753778361444409
"333","pGu7YwnkIueer-3r3pkQdg",18,1,0.471404520791032
"334","pGu7YwnkIueer-3r3pkQdg",40,1,0.158113883008419
"335","pGu7YwnkIueer-3r3pkQdg",14,1,0
"336","PSDpvQJXABP4i-MP7mP4-Q",9,4,0
"337","PSDpvQJXABP4i-MP7mP4-Q",17,4,0.121267812518166
"338","PSDpvQJXABP4i-MP7mP4-Q",7,4,0
"339","PSDpvQJXABP4i-MP7mP4-Q",24,4,0.469485534033442
"340","Cpsx6c52u6AoeP-8ezH9OQ",11,1,0
"341","bxr0YgwbRM-qzpR47vQEzw",16,3,0
"342","f9Zexqhn3Kddt8H5OhcokA",16,4,0.1
"343","PZGMea3EZIG20k8mG1JJ1w",14,5,0.414254924964258
"344","fRqO2UFdERD4In_9_zO-dg",10,4,0
"345","x96SxIclNKmAgTEjQbkhxg",15,1,0.258198889747161
"346","4qnE3AqOo-gCcckCmEliuA",27,4,0.202072594216369
"347","9Syf2IB98QdSaMSVK8yFPg",24,5,0
"348","ot_dtez-8ngRgH0h2G24Gg",28,3,0.396862696659689
"349","ttRnQ4PYIuR_ptgaTT2g_A",22,5,0.106600358177805
"350","ynKAUSYi3c8M-rkVJI1PcQ",7,2,-0.661437827766148
"351","ynKAUSYi3c8M-rkVJI1PcQ",10,2,0.25298221281347
"352","ynKAUSYi3c8M-rkVJI1PcQ",10,2,0.237170824512628
"353","ynKAUSYi3c8M-rkVJI1PcQ",11,2,0
"354","ynKAUSYi3c8M-rkVJI1PcQ",15,3,0.348568501158668
"355","ynKAUSYi3c8M-rkVJI1PcQ",16,3,0.1875
"356","K_dhs2cfsn4GBVd5EWtPXQ",28,3,0
"357","K_dhs2cfsn4GBVd5EWtPXQ",11,3,0.678400525299968
"358","K_dhs2cfsn4GBVd5EWtPXQ",7,5,0
"359","K_dhs2cfsn4GBVd5EWtPXQ",9,2,0.0333333333333333
"360","K_dhs2cfsn4GBVd5EWtPXQ",25,1,0.3
"361","K_dhs2cfsn4GBVd5EWtPXQ",6,4,0
"362","M-qtsg3fVoG6sWBrDz4-6w",10,1,0
"363","M-qtsg3fVoG6sWBrDz4-6w",13,5,0.582435206036491
"364","CS2oAjAiFrJiG2HUtKJUHQ",23,5,0.0834057656228299
"365","CS2oAjAiFrJiG2HUtKJUHQ",21,1,0.392704915268692
"366","CS2oAjAiFrJiG2HUtKJUHQ",11,1,0.226133508433323
"367","CS2oAjAiFrJiG2HUtKJUHQ",22,1,0
"368","CS2oAjAiFrJiG2HUtKJUHQ",16,1,0.2
"369","CS2oAjAiFrJiG2HUtKJUHQ",14,4,0.10690449676497
"370","Tdc2v9DBRRYeG2P_h9OvRw",9,4,0.166666666666667
"371","Tdc2v9DBRRYeG2P_h9OvRw",6,5,0
"372","Tdc2v9DBRRYeG2P_h9OvRw",8,5,0.176776695296637
"373","5Hu5StOBGtxFhgV0OSkPSA",12,4,0.144337567297406
"374","5Hu5StOBGtxFhgV0OSkPSA",17,1,-0.0606339062590832
"375","5Hu5StOBGtxFhgV0OSkPSA",25,5,0.1
"376","5Hu5StOBGtxFhgV0OSkPSA",31,3,-0.0291858615793509
"377","5Hu5StOBGtxFhgV0OSkPSA",23,4,0.281494458977051
"378","bVt5eOVdpZzg83qlW9Rl2g",9,4,0
"379","bVt5eOVdpZzg83qlW9Rl2g",23,3,0.104257207028537
"380","OTWUYSpnNT9q18oep5WmAg",9,1,0.6
"381","Nuiy-WMpPQxMKQlpI0CxSQ",13,3,0
"382","Nuiy-WMpPQxMKQlpI0CxSQ",29,1,0.324966841809841
"383","Hew_aO1WsHAlRpaxXcbgqw",19,2,-0.0229415733870562
"384","pG7T6_E1kJmy56HhzsOohw",41,1,0.00780868809443029
"385","SwOmVhXZa5kvyTp53rUwKg",12,4,0
"386","SwOmVhXZa5kvyTp53rUwKg",12,5,0
"387","v84O7YwkMuwIH8xReJ0xYg",9,5,0.166666666666667
"388","ZZ21awWC5fw0f0Ip2lM8xQ",23,1,0.271068738274197
"389","XNudJHO9xBElglTwqzhh_Q",18,3,0
"390","glVr3rLMHVBLONg3_n7_XA",12,4,0.144337567297406
"391","glVr3rLMHVBLONg3_n7_XA",11,4,-0.120604537831105
"392","glVr3rLMHVBLONg3_n7_XA",18,4,0.254558441227157
"393","uQ1Ww4uGbuwpw1pCzkMilA",8,3,0
"394","sEWmZeYpzVSvZ8GPDcpFiw",24,4,0.255155181539914
"395","-CxNhGa-yskzfrTP9GX6zA",10,4,0.158113883008419
"396","9DnHnAbd5sciiBHrQs7DJA",28,5,0
"397","9DnHnAbd5sciiBHrQs7DJA",11,5,0.33166247903554
"398","3nDxqHvf7L5AdEAAeMaQAg",13,3,0.346687622640768
"399","3nDxqHvf7L5AdEAAeMaQAg",14,1,-0.000160356745147455
"400","gndb2XMDHYI5OEDvwEKwaQ",10,3,0.363661930919364
"401","5dCJy5oH6ZHqB_7cx76DhA",39,3,-0.224179415327122
"402","5dCJy5oH6ZHqB_7cx76DhA",13,3,0.221880078490092
"403","5dCJy5oH6ZHqB_7cx76DhA",14,3,0
"404","zbdUUR3SMPnA-HP0hmkk7Q",24,2,-0.102062072615966
"405","zbdUUR3SMPnA-HP0hmkk7Q",22,2,0.106600358177805
"406","yBia51pdmhCmZdnwLa-uUg",55,3,0.154964838387176
"407","zLFxAncbXi4xADAvZV471A",8,2,0.494974746830583
"408","1lujZNJqP5s966L0PRmRrg",25,1,-0.576
"409","G4EBHnNSTWsnqTzxdiv5VQ",14,5,0
"410","G4EBHnNSTWsnqTzxdiv5VQ",85,1,0.0881279984888291
"411","G4EBHnNSTWsnqTzxdiv5VQ",15,1,-0.0645497224367903
"412","KBSUpQVY_hSudz7796wIJQ",12,3,0
"413","GBNBXF6Z4l9Y7TNnV_r_pQ",17,1,0
"414","Dwbjw0039_7fBsNZ9CXF4Q",44,1,-0.180906806746658
"415","6YC6CsXRrmPv_iwfvc9onA",29,4,-0.139271503632789
"416","6YC6CsXRrmPv_iwfvc9onA",29,4,0.0742781352708207
"417","Z6ezEudsHeYzqKCj9vWUww",21,4,0.229128784747792
"418","Z6ezEudsHeYzqKCj9vWUww",18,5,0.0707106781186548
"419","Z6ezEudsHeYzqKCj9vWUww",27,5,0.0481125224324688
"420","3zq4mRDOhZ9Ku1vRQdFsxQ",17,4,0
"421","3zq4mRDOhZ9Ku1vRQdFsxQ",25,5,0.3
"422","3zq4mRDOhZ9Ku1vRQdFsxQ",40,5,0.297254100055828
"423","P_Sv7-nv4FhrfS8Byldnfg",15,2,0
"424","P_Sv7-nv4FhrfS8Byldnfg",54,2,0.127679652842573
"425","MkITdtEYh1ocu7uCJ9R4cA",11,3,0
"426","I5YF1kl3LCVM6nDeP8rUzQ",12,1,0
"427","I5YF1kl3LCVM6nDeP8rUzQ",14,4,0.400891862868637
"428","QcFZRiYVLFGTJhjJzPIJGA",11,3,0.120604537831105
"429","VieHNwB0lXAHYYlT0r2x6Q",39,4,0.46429158195785
"430","kPr9rYEkGwbRLgUHvKljQQ",11,5,-0.241209075662211
"431","kPr9rYEkGwbRLgUHvKljQQ",26,4,0.180426844327129
"432","kPr9rYEkGwbRLgUHvKljQQ",23,5,0.130321508785672
"433","WdANTNmPmuIpBTSTMsrw5Q",9,3,0
"434","WdANTNmPmuIpBTSTMsrw5Q",9,4,0
"435","Da0c8BkSx0gxk5HwoZJiYQ",31,4,0.21552636243213
"436","AtLv64FV-Pw6JuT3XUKU1g",31,4,0.202055964780122
"437","AtLv64FV-Pw6JuT3XUKU1g",39,4,-0.232185823017376
"438","AtLv64FV-Pw6JuT3XUKU1g",15,4,0.490577890519606
"439","mY9tk1ZVMf9Zco9SaXMk6Q",12,3,0.23094010767585
"440","mY9tk1ZVMf9Zco9SaXMk6Q",36,3,0.0500833333333333
"441","mY9tk1ZVMf9Zco9SaXMk6Q",12,3,0
"442","mY9tk1ZVMf9Zco9SaXMk6Q",13,4,0.208012573584461
"443","yMjBSQDldMVlR8E7wY0NUA",29,1,0.315682074900988
"444","Zd9VJFJjfaadaJmCMFv-RQ",13,4,0.416025147168922
"445","Zd9VJFJjfaadaJmCMFv-RQ",29,5,-0.341354455403966
"446","Zd9VJFJjfaadaJmCMFv-RQ",28,3,-0.00949635738435684
"447","IsM5JWNuN5dySu6f1vX1nA",11,5,0
"448","jBhRphJtQahNTWwFt7wlrQ",22,5,-0.298481002897855
"449","1RgX-EAQrGoPMvy9ntEXsw",24,4,0
"450","1RgX-EAQrGoPMvy9ntEXsw",8,4,0
"451","1RgX-EAQrGoPMvy9ntEXsw",11,5,0.527644853011086
"452","1RgX-EAQrGoPMvy9ntEXsw",34,4,0.171498585142509
"453","l7A73zaNzDyWJJ0ixc2ymw",24,3,0.0408248290463863
"454","Obr2u2nFUxhFH25be171FQ",15,1,-0.129099444873581
"455","Obr2u2nFUxhFH25be171FQ",6,1,-0.408248290463863
"456","Obr2u2nFUxhFH25be171FQ",41,4,0.101512945227594
"457","q_IrYzYP89MUq-18oedTJg",23,4,-5.21286035142687e-05
"458","q_IrYzYP89MUq-18oedTJg",13,2,0
"459","q_IrYzYP89MUq-18oedTJg",12,2,0
"460","q_IrYzYP89MUq-18oedTJg",18,2,-0.377241467763023
"461","rk12aZmkYJGv-N6kFLey6Q",63,1,-0.0188982236504614
"462","rk12aZmkYJGv-N6kFLey6Q",9,2,-0.283333333333333
"463","t952QLgrh-5l1woJ4IFgUA",21,3,0
"464","t952QLgrh-5l1woJ4IFgUA",19,3,-0.0458831467741123
"465","t952QLgrh-5l1woJ4IFgUA",9,3,0.0833333333333333
"466","t952QLgrh-5l1woJ4IFgUA",11,5,0.603022689155527
"467","ix-CkoFcqTX7hi62ZqGXJQ",42,5,0.592524863854433
"468","fmQj7chzVaPJOSdBNFL16Q",11,4,0
"469","ODlST50VSMzUMd0kmDpQgw",11,2,0.180906806746658
"470","ODlST50VSMzUMd0kmDpQgw",7,2,0
"471","ODlST50VSMzUMd0kmDpQgw",15,5,0.490577890519606
"472","ODlST50VSMzUMd0kmDpQgw",10,4,0
"473","ODlST50VSMzUMd0kmDpQgw",12,5,0.21650635094611
"474","ODlST50VSMzUMd0kmDpQgw",13,2,-0.0693375245281536
"475","ODlST50VSMzUMd0kmDpQgw",8,5,-0.0883883476483184
"476","ODlST50VSMzUMd0kmDpQgw",6,4,0.306186217847897
"477","ODlST50VSMzUMd0kmDpQgw",46,3,0.0737209780774486
"478","ODlST50VSMzUMd0kmDpQgw",16,3,0
"479","ODlST50VSMzUMd0kmDpQgw",17,3,0.409181852998797
"480","ODlST50VSMzUMd0kmDpQgw",39,3,0.395516539898565
"481","ODlST50VSMzUMd0kmDpQgw",5,4,0.335410196624968
"482","wgImSrYc5LOcFaMcbOuxkg",14,5,0.481070235442364
"483","d3LrVz27kY__1SGZ3Zpqfw",31,4,0.28736848324284
"484","UuezOzEBemKWDOrZFjM1BA",18,2,0.188561808316413
"485","kolFb44M7k9c0-tZL2D_Cg",15,5,0.490577890519606
"486","qfcdMhm1Ff28JHVpHca20g",23,2,-0.302345900382758
"487","TwZL8gjnAJ3DXXnyu-McHw",15,5,0.516397779494322
"488","qibYmQhLQ6E6HEwCcegl7w",19,5,0
"489","qibYmQhLQ6E6HEwCcegl7w",20,5,0.234787137637478
"490","4DtGWbPfvfIL7czgBLPcXw",9,1,0
"491","rXrXkZMTH--ez4E8oHhJIA",15,5,0
"492","OhTsSYXoD4Poc14JrjIhBw",20,1,-0.178885438199983
"493","njmcKc7_7evWjUcrutdRkg",22,5,0.106600358177805
"494","lTG46zyVkZOk6RAR17kqQQ",14,3,0
"495","fZ9NN2JDnoeFNOr9tAaUbw",13,1,0.0693375245281536
"496","SNtC3y4G5UzNnQ_zYxW7dQ",26,4,-0.549125178386915
"497","SNtC3y4G5UzNnQ_zYxW7dQ",18,5,0.353553390593274
"498","SNtC3y4G5UzNnQ_zYxW7dQ",18,5,0.353553390593274
"499","A3QS8dDcuWaNaTfTFCBNOw",31,3,0.170625036925436
"500","A3QS8dDcuWaNaTfTFCBNOw",20,1,0.335410196624968
"501","wp44-LcNJCUnle5JkVXkbw",54,1,-0.136082763487954
"502","7KUbrldK58sIV1K43p5a2w",54,3,0.205825179775531
"503","7KUbrldK58sIV1K43p5a2w",15,4,0.206494562075292
"504","_xcDTH9G4LDqADfpmok6SQ",39,2,0.0480384461415261
"505","_xcDTH9G4LDqADfpmok6SQ",31,2,-0.14368424162142
"506","xjViuMrrApPM6Rnz8ovOVw",18,3,0
"507","WVaAKpO2SHBMp2PUhjekDQ",11,5,0
"508","WVaAKpO2SHBMp2PUhjekDQ",13,1,0
"509","fJumi8Wojnw-2CQ6hn2CJQ",18,3,0.412478955692153
"510","fJumi8Wojnw-2CQ6hn2CJQ",14,4,0.427617987059879
"511","fJumi8Wojnw-2CQ6hn2CJQ",30,4,0.547722557505166
"512","XZD3EQrA6YIYuftRfxsD8w",13,5,0.138675049056307
"513","MQBVyeLH0oGi9K92h-U_wg",15,1,0.232379000772445
"514","MQBVyeLH0oGi9K92h-U_wg",13,1,0
"515","AJr-JQ8oiZQIDur8raDpmg",53,3,-0.0480761973820412
"516","jz4_9phNSZZeposIeJ56Tw",21,2,-0.130821625196477
"517","jz4_9phNSZZeposIeJ56Tw",10,2,-0.0632455532033676
"518","FNVxEY0hgSGOm_lUHr_zUA",23,2,-0.156385810542806
"519","FNVxEY0hgSGOm_lUHr_zUA",16,2,-0.125
"520","FNVxEY0hgSGOm_lUHr_zUA",18,2,0.153206469257085
"521","FNVxEY0hgSGOm_lUHr_zUA",14,2,0.160624006389367
"522","vVDJEs47RMDBHL3ciEzHSA",12,1,-0.303108891324554
"523","ooinhDB9ORWrG82UFdEO4w",5,4,0.447213595499958
"524","0qsarzXaZau8REdE0rToxA",22,2,0
"525","0qsarzXaZau8REdE0rToxA",24,2,0.153093108923949
"526","0qsarzXaZau8REdE0rToxA",23,4,0.000208514414057075
"527","0qsarzXaZau8REdE0rToxA",8,2,0.212132034355964
"528","0qsarzXaZau8REdE0rToxA",11,3,0
"529","0qsarzXaZau8REdE0rToxA",8,4,0.176776695296637
"530","0qsarzXaZau8REdE0rToxA",37,4,0
"531","0qsarzXaZau8REdE0rToxA",9,5,0.0833333333333333
"532","0qsarzXaZau8REdE0rToxA",25,5,0
"533","0qsarzXaZau8REdE0rToxA",5,5,0.223606797749979
"534","0qsarzXaZau8REdE0rToxA",16,5,0.2125
"535","0qsarzXaZau8REdE0rToxA",4,4,0
"536","mKT30qU_MlLj4Ps82JAZ8w",10,3,0.284604989415154
"537","IFaRfrlwhQo4gILB0wmA-g",19,3,0
"538","IFaRfrlwhQo4gILB0wmA-g",17,5,0.666972968849916
"539","iW0_acsRQtjlpE_8O6l1_Q",8,4,0
"540","iW0_acsRQtjlpE_8O6l1_Q",22,3,0.117260393995586
"541","SuMi4hxed5qk-M8IklFg8Q",14,5,0.4409810491555
"542","SuMi4hxed5qk-M8IklFg8Q",10,4,0.505964425626941
"543","SuMi4hxed5qk-M8IklFg8Q",14,4,0
"544","SuMi4hxed5qk-M8IklFg8Q",29,1,0.21354963890361
"545","SuMi4hxed5qk-M8IklFg8Q",10,5,0.237170824512628
"546","SV8y4bp5HmgURzvUC2Rs9w",14,3,0.360802676581773
"547","9ySFD8tMkeuTclyWfanI9w",23,4,0.208514414057075
"548","9ySFD8tMkeuTclyWfanI9w",40,5,-0.142302494707577
"549","9ySFD8tMkeuTclyWfanI9w",3,4,0.433012701892219
"550","9ySFD8tMkeuTclyWfanI9w",17,4,0.339549875050866
"551","bOwvJUb8A9MekXsK_SrftQ",37,1,-0.0821994936526786
"552","bOwvJUb8A9MekXsK_SrftQ",50,1,0.113250222074837
"553","tE4H7SuEBCdF8O-BMAAB6g",10,2,0
"554","KW5qy8mKBpgd2xL_5w7Mzg",6,4,0.163299316185545
"555","KW5qy8mKBpgd2xL_5w7Mzg",24,1,0.0306186217847897
"556","KW5qy8mKBpgd2xL_5w7Mzg",8,1,0
"557","X4QbkHl7pOTVsgLa7XuUBg",15,4,0.129099444873581
"558","X4QbkHl7pOTVsgLa7XuUBg",13,5,0.19414506867883
"559","X4QbkHl7pOTVsgLa7XuUBg",16,5,0.1875
"560","X4QbkHl7pOTVsgLa7XuUBg",9,5,0.166666666666667
"561","X4QbkHl7pOTVsgLa7XuUBg",75,1,0.0173782431026077
"562","X4QbkHl7pOTVsgLa7XuUBg",13,5,-0.0832050294337844
"563","w67o_AhcSU_fjVOTlbquXg",11,4,0
"564","5HjmnWOtBYAYW-jjdZ3aKA",37,3,0.435657316359197
"565","5HjmnWOtBYAYW-jjdZ3aKA",8,5,0.265165042944955
"566","PbOQlLSloU5Zkpth5I3cjA",17,5,0.557831937583566
"567","Wy22f6GIK_L00NmTv2LpWg",12,1,-0.144337567297406
"568","QtRgDAK6k0JELN2_hi0ayw",10,4,0.25298221281347
"569","QtRgDAK6k0JELN2_hi0ayw",21,5,0.366606055596467
"570","6ijZO9TWdl6lTLqe5G5XWA",8,4,0
"571","6ijZO9TWdl6lTLqe5G5XWA",11,4,0.572871554697751
"572","BoTQepQTjGbTXA4g4Hj-WA",17,4,0.121267812518166
"573","BoTQepQTjGbTXA4g4Hj-WA",31,5,0.0898026510133875
"574","1IuHLJ_OX-5bTVBSPJBlEA",42,5,-0.192879187452615
"575","1IuHLJ_OX-5bTVBSPJBlEA",24,5,0
"576","1IuHLJ_OX-5bTVBSPJBlEA",7,5,0
"577","Iabd_rGdOvdpySBeluFs5w",22,1,-0.21320071635561
"578","Iabd_rGdOvdpySBeluFs5w",28,1,-0.198431348329844
"579","94bJeFgj0w1Y-PexwSJOHg",34,5,-0.0171498585142509
"580","94bJeFgj0w1Y-PexwSJOHg",25,5,0.31
"581","hn0Tk2jY5lsCAa9IGLNYQQ",25,1,0.21
"582","hn0Tk2jY5lsCAa9IGLNYQQ",9,4,0.0833333333333333
"583","XWNbd_RDR4lIzf_XlnUqpg",23,5,-0.0521286035142687
"584","XWNbd_RDR4lIzf_XlnUqpg",67,5,0.3603998608511
"585","XWNbd_RDR4lIzf_XlnUqpg",13,2,-0.208012573584461
"586","XWNbd_RDR4lIzf_XlnUqpg",26,4,0.0745241313525099
"587","XWNbd_RDR4lIzf_XlnUqpg",11,4,0
"588","0PtNw7RgF4JFcPyP-LqZ_Q",21,4,-0.218217890235992
"589","TvhpG74DvdoF4MA0vLlOLw",27,4,0.0481125224324688
"590","TvhpG74DvdoF4MA0vLlOLw",17,5,0
"591","TvhpG74DvdoF4MA0vLlOLw",15,4,0.154919333848297
"592","TvhpG74DvdoF4MA0vLlOLw",12,3,-0.303108891324554
"593","TvhpG74DvdoF4MA0vLlOLw",12,5,0
"594","HhPVzZYQI-akaXRK_A4dKQ",34,1,0.548795472456028
"595","Tby8XOCjmqsPLwu3nI0VOg",22,5,0
"596","Tby8XOCjmqsPLwu3nI0VOg",42,1,-0.28546119742987
"597","pzLXZ0qeiRilQ3vM-gS1wg",17,5,0
"598","pzLXZ0qeiRilQ3vM-gS1wg",25,1,0.12
"599","pzLXZ0qeiRilQ3vM-gS1wg",9,1,0.25
"600","adJc9AzAa-kM7PJFulokQQ",15,4,0
"601","AzQHjhUMimIrFVCGgy1QaQ",15,5,0
"602","KAzoP0Ed6ep7Udui2CubhQ",34,5,0.128623938856882
"603","KAzoP0Ed6ep7Udui2CubhQ",16,3,0
"604","KAzoP0Ed6ep7Udui2CubhQ",58,1,0.157567719431667
"605","52J2qJTmfy2NWnQKiUgYBQ",17,1,0.2182820625327
"606","_QkGfsQaQbuyUf-hy_2muw",28,1,0.330718913883074
"607","_QkGfsQaQbuyUf-hy_2muw",23,1,-0.41702882811415
"608","_QkGfsQaQbuyUf-hy_2muw",26,1,-0.294174202707276
"609","815I4_qtNd9Whd5joLZhAQ",28,4,0.292922466582151
"610","Tiy_skxHMvNCpyzAIqv6qA",20,1,0.290688837074973
"611","Tiy_skxHMvNCpyzAIqv6qA",31,1,0.197565832229452
"612","oxBIZ7SpJBN42aEyznfnAQ",21,1,0.163663417676994
"613","oxBIZ7SpJBN42aEyznfnAQ",6,1,0
"614","z8MnefVbAKcIGN7BwDullA",18,1,0
"615","z8MnefVbAKcIGN7BwDullA",19,1,0.0573539334676404
"616","z8MnefVbAKcIGN7BwDullA",13,1,0
"617","z8MnefVbAKcIGN7BwDullA",14,1,0
"618","MuGSFckqsMI7mSZwTvsHhg",12,1,0
"619","MuGSFckqsMI7mSZwTvsHhg",34,1,0
"620","X3-dI5LGMdv6EQ8OLoOU9w",17,1,-0.18190171877725
"621","X3-dI5LGMdv6EQ8OLoOU9w",7,1,-0.0944911182523068
"622","X3-dI5LGMdv6EQ8OLoOU9w",11,1,-0.0753778361444409
"623","X3-dI5LGMdv6EQ8OLoOU9w",19,1,-0.0917662935482247
"624","-WCGJuDoq4yAm58DQpl14Q",21,5,0.490990253030983
"625","t7tYRRfp7gz-nwX-gXic4w",13,4,0.360555127546399
"626","80544c9_y63PfEi9DgjtoA",23,1,0.0521286035142687
"627","NKQ0kQmwVHXoE_50AZdGtQ",17,4,0.121267812518166
"628","NIvup8P7CJciTtjJG6SUKA",20,4,0.111803398874989
"629","NIvup8P7CJciTtjJG6SUKA",16,4,0
"630","KHjexQXS8ygLNy8pSRCZSA",10,5,0
"631","KHjexQXS8ygLNy8pSRCZSA",18,3,0
"632","KHjexQXS8ygLNy8pSRCZSA",26,3,0
"633","KHjexQXS8ygLNy8pSRCZSA",13,3,0
"634","KHjexQXS8ygLNy8pSRCZSA",35,3,0
"635","A9rIqoqp5OO_56w82PiHEA",13,3,0.346687622640768
"636","OSLNYVnB69k6zO9jYzRPuA",40,5,0.434813178273152
"637","9HD224rVyahrfg9SNe5SVg",9,3,0
"638","9HD224rVyahrfg9SNe5SVg",21,1,-0.174574312188794
"639","9HD224rVyahrfg9SNe5SVg",39,2,0.323458870686276
"640","beb_QLcQySKwYFPyVu6eJw",3,4,0.0577350269189626
"641","3F3At4YBSHEnG7uMinQPnQ",26,4,0.235339362165821
"642","3F3At4YBSHEnG7uMinQPnQ",18,4,0.306412938514171
"643","NVzyNCSHRbOe0x1A74I61w",44,1,-0.20352015758999
"644","NVzyNCSHRbOe0x1A74I61w",14,1,0.133630620956212
"645","NVzyNCSHRbOe0x1A74I61w",20,1,0
"646","b8iHKolCsC4ZTM8X9-L01A",10,1,0
"647","b8iHKolCsC4ZTM8X9-L01A",19,3,-0.0573539334676404
"648","b8iHKolCsC4ZTM8X9-L01A",8,3,-0.0883883476483184
"649","b8iHKolCsC4ZTM8X9-L01A",18,3,0.14142135623731
"650","7HFRdxVttyY9GiMpywhhYw",9,2,0.133333333333333
"651","7HFRdxVttyY9GiMpywhhYw",20,4,0.0335410196624968
"652","YTThth5KydoD7GfC1dmJ0g",35,2,0.0388770957175118
"653","_TXitYmnPDmZCWOPFl799Q",10,5,0.25298221281347
"654","_TXitYmnPDmZCWOPFl799Q",7,1,0
"655","cRx3YlYMEp42Dlo347vC1g",15,1,0
"656","wYu0UtELaqY4FE48PWl4bQ",20,1,0
"657","VsLcYJHIat78FUyP08GusA",27,1,0.423390197405726
"658","dt09TJuvnZR6dRd30CKNaA",25,2,-0.1
"659","veU3mhOn8kF87VfE_JvKlg",9,1,0.166666666666667
"660","fzGs7qL4TaQuhogiZNcpCw",31,2,0.14368424162142
"661","ac-ZqojwKNlhPiCdv1sT6g",14,5,0.133630620956212
"662","_NzimzgKxXdfnCv9skj71A",12,4,0.0721687836487032
"663","_NzimzgKxXdfnCv9skj71A",12,1,0
"664","_NzimzgKxXdfnCv9skj71A",17,1,0
"665","_NzimzgKxXdfnCv9skj71A",27,1,0.0192450089729875
"666","rlDuAQgXTnVcdFXeEiE53A",6,4,0
"667","guGPP-3ZsXdLNjtZDnR7tw",10,4,0.0790569415042095
"668","guGPP-3ZsXdLNjtZDnR7tw",32,5,0.106066017177982
"669","G5qOZI12XTSowKZzlq_5lw",4,1,0
"670","G5qOZI12XTSowKZzlq_5lw",20,1,0.134164078649987
"671","6o6XxnI8RWhnAVSdxqCJWQ",7,4,0
"672","6o6XxnI8RWhnAVSdxqCJWQ",5,4,0
"673","6o6XxnI8RWhnAVSdxqCJWQ",32,5,0.265165042944955
"674","6o6XxnI8RWhnAVSdxqCJWQ",16,5,0.225
"675","6o6XxnI8RWhnAVSdxqCJWQ",13,5,-0.0693375245281536
"676","6o6XxnI8RWhnAVSdxqCJWQ",27,5,0
"677","ckbDWYPT8TP7etP0WHU2Yg",23,5,0.208514414057075
"678","ckbDWYPT8TP7etP0WHU2Yg",10,2,0.189736659610103
"679","ckbDWYPT8TP7etP0WHU2Yg",25,5,-0.06
"680","ckbDWYPT8TP7etP0WHU2Yg",23,3,-0.218940134759929
"681","ckbDWYPT8TP7etP0WHU2Yg",14,1,0.133630620956212
"682","ckbDWYPT8TP7etP0WHU2Yg",17,1,0
"683","ckbDWYPT8TP7etP0WHU2Yg",8,5,0.0883883476483184
"684","ckbDWYPT8TP7etP0WHU2Yg",23,4,0.0208514414057075
"685","ckbDWYPT8TP7etP0WHU2Yg",23,5,0.16681153124566
"686","ckbDWYPT8TP7etP0WHU2Yg",16,4,-0.2
"687","ckbDWYPT8TP7etP0WHU2Yg",13,4,-0.221880078490092
"688","2jau7OtoplE60-o2TIn6Tg",16,3,0
"689","2jau7OtoplE60-o2TIn6Tg",15,5,0.0258198889747161
"690","2jau7OtoplE60-o2TIn6Tg",18,2,0.14142135623731
"691","2jau7OtoplE60-o2TIn6Tg",22,2,0.336857131841864
"692","2jau7OtoplE60-o2TIn6Tg",30,4,0.0731209614269397
"693","3R28YY7Jw_EJs0-X8qDArw",4,4,0
"694","3R28YY7Jw_EJs0-X8qDArw",13,4,0
"695","S4oe6TlWNqfMSBEL30Ej3Q",8,2,0
"696","S4oe6TlWNqfMSBEL30Ej3Q",16,2,0.1
"697","YhBigRwAFdRPIQxWDjZOrQ",22,5,0.176956594575157
"698","sjSFNU-ArHCHtN1mGqjktw",22,1,-0.426401432711221
"699","sjSFNU-ArHCHtN1mGqjktw",23,4,0.104205078425023
"700","tmFJQmfI5YQh-_RBRBhlzQ",12,1,0
"701","Srl3TFbOAfa-9_1m_wK6xQ",23,4,0.291920179679905
"702","Srl3TFbOAfa-9_1m_wK6xQ",16,4,0.25
"703","Srl3TFbOAfa-9_1m_wK6xQ",16,5,0
"704","VXKIx4WUGw3jNad0BOcFYQ",22,5,0.0318735070951638
"705","de2E6-wKURd0RLJaq8mrTg",4,3,0.125
"706","jnxt9D-rkZ3j2Qg4Afux3w",27,4,0.23094010767585
"707","jnxt9D-rkZ3j2Qg4Afux3w",19,5,0
"708","jnxt9D-rkZ3j2Qg4Afux3w",6,5,0
"709","Hg7A3RVz_J7PHGmEqPOsxA",19,2,0.0573539334676404
"710","hs5xdulRJqHZyITnEHpJhQ",11,4,0.527644853011086
"711","Ie00N1yErrmaOa44x5K8kA",14,5,0
"712","Ie00N1yErrmaOa44x5K8kA",15,5,-0.193649167310371
"713","Ie00N1yErrmaOa44x5K8kA",18,5,0
"714","zWdO_P10pQlBKL95gYC_iw",17,4,0.266789187539966
"715","Ffd7S8tVzeY_MgsrZtW7kw",23,3,0.108427495309679
"716","Ffd7S8tVzeY_MgsrZtW7kw",18,1,-0.058925565098879
"717","Ffd7S8tVzeY_MgsrZtW7kw",33,1,0.174077655955698
"718","Ffd7S8tVzeY_MgsrZtW7kw",23,1,-0.0521286035142687
"719","Ffd7S8tVzeY_MgsrZtW7kw",20,1,0.111803398874989
"720","4cHJ1PfvCOsXRHuhzOlnLw",15,1,0
"721","4cHJ1PfvCOsXRHuhzOlnLw",28,1,-0.0188982236504614
"722","4cHJ1PfvCOsXRHuhzOlnLw",13,1,0
"723","4cHJ1PfvCOsXRHuhzOlnLw",23,1,0.552511068647734
"724","4cHJ1PfvCOsXRHuhzOlnLw",12,1,-0.288675134594813
"725","4cHJ1PfvCOsXRHuhzOlnLw",11,1,-0.301511344577764
"726","4cHJ1PfvCOsXRHuhzOlnLw",15,1,0
"727","4cHJ1PfvCOsXRHuhzOlnLw",22,1,0
"728","vVpq26iHxy0sWWCVR_un4Q",39,4,0.0240192230707631
"729","V-_Kh0RtKcKdQ0ON4eVQ-Q",20,4,0.413672575837461
"730","V-_Kh0RtKcKdQ0ON4eVQ-Q",9,3,0.166666666666667
"731","V-_Kh0RtKcKdQ0ON4eVQ-Q",14,2,0.160356745147455
"732","V-_Kh0RtKcKdQ0ON4eVQ-Q",8,3,-0.229809703885628
"733","c6v-5BHqJs4BU6sATgeAag",13,4,0.235747583395722
"734","c6v-5BHqJs4BU6sATgeAag",11,5,0
"735","cdpiHHignnk8hVcPEiYzMw",15,4,0.129099444873581
"736","cdpiHHignnk8hVcPEiYzMw",21,4,0.305505046330389
"737","yStT0Yen34nU5T0XZpmfnA",19,2,0.183532587096449
"738","T45qonnG40PTVex3Ua2Q9w",17,5,-0.0606339062590832
"739","EVjwTJ3boXTve0hTTFxPJw",15,1,0.361478445646026
"740","EVjwTJ3boXTve0hTTFxPJw",16,1,0.125
"741","hNCKIrMJSacjMiWVwRb_YQ",14,4,0.160356745147455
"742","hNCKIrMJSacjMiWVwRb_YQ",12,4,0.173205080756888
"743","x8-MzrVwJCwzqoACL21AJw",13,4,0.277350098112615
"744","x8-MzrVwJCwzqoACL21AJw",16,4,-0.1
"745","jYXTRxOkZc4cl9Dy8LnsMw",21,4,0.314233761939829
"746","jYXTRxOkZc4cl9Dy8LnsMw",14,5,-0.240535117721182
"747","b4RHh9w1zyuw6eqm7m5hGw",18,4,-0.0942809041582063
"748","euxQLuOeFIfsZWj6PmHp7g",24,1,-0.0306186217847897
"749","syP9qsN2-TiMbxh2zv1_NQ",14,3,-0.0507796359633606
"750","fCkvpPqOziXHHu-f8tbeZw",12,4,0.259807621135332
"751","wCRc6E9XcyPnN1WwJhaGtA",31,2,-0.0269407953040162
"752","5m7dxSzkOylxzX0disComA",26,5,0.254950975679639
"753","7DHR5jNMtoWTvf1Zuos5Ng",20,5,0.223606797749979
"754","iVijDgb-EHrG7oXsyT0mCQ",17,1,-0.18190171877725
"755","Xz5tTSD3X3gACOiVn101tQ",3,5,0
"756","lJc5WljtIAI6hBqzKbn_HQ",27,5,0.509992737784169
"757","lJc5WljtIAI6hBqzKbn_HQ",29,4,0.290148965901644
"758","50vHYiIFknliNBn51O7Gjg",14,5,0
"759","zd0vGinVKJWnKzP5dJAWYg",24,2,0.306186217847897
"760","zd0vGinVKJWnKzP5dJAWYg",25,2,0.32
"761","zd0vGinVKJWnKzP5dJAWYg",14,2,0.133630620956212
"762","zd0vGinVKJWnKzP5dJAWYg",18,2,-0.235702260395516
"763","zd0vGinVKJWnKzP5dJAWYg",25,2,0.05
"764","zd0vGinVKJWnKzP5dJAWYg",14,3,0
"765","zd0vGinVKJWnKzP5dJAWYg",13,3,0
"766","zd0vGinVKJWnKzP5dJAWYg",13,3,-0.208012573584461
"767","qpm0gm7SdsY2LnvXzQb_uw",21,1,0.130930734141595
"768","TjAdRp37EscR8y-4M2m4bg",23,3,0
"769","TjAdRp37EscR8y-4M2m4bg",25,3,0.325
"770","TjAdRp37EscR8y-4M2m4bg",9,2,0.333333333333333
"771","oS-xaHI0FLjfEzHuuL4GKw",24,4,0.102062072615966
"772","oS-xaHI0FLjfEzHuuL4GKw",35,4,0.228191648776699
"773","oS-xaHI0FLjfEzHuuL4GKw",23,4,-0.0521286035142687
"774","n9PgccTPsLxgYL6ZCkxDMQ",7,2,0
"775","hPc-mAHv4jfKeXqOxYJuAw",16,2,0
"776","hPc-mAHv4jfKeXqOxYJuAw",22,2,-0.639602149066831
"777","hPc-mAHv4jfKeXqOxYJuAw",9,5,0
"778","hPc-mAHv4jfKeXqOxYJuAw",12,5,0
"779","hPc-mAHv4jfKeXqOxYJuAw",8,5,0
"780","hPc-mAHv4jfKeXqOxYJuAw",15,5,0
"781","hPc-mAHv4jfKeXqOxYJuAw",21,5,0.272772362794991
"782","hPc-mAHv4jfKeXqOxYJuAw",4,5,0
"783","hPc-mAHv4jfKeXqOxYJuAw",13,1,0.0277350098112615
"784","scCQqfGfHipwVV43opvMJw",6,3,0
"785","scCQqfGfHipwVV43opvMJw",10,3,-0.189736659610103
"786","bjr8Uyi-r6xDeXVAhSX-cA",9,3,0
"787","KSg7TI3KEe_GENY3yvV4zw",32,1,0.0883883476483184
"788","KSg7TI3KEe_GENY3yvV4zw",15,1,0.258198889747161
"789","IaL3NMcVUjwk29CnR7w4tw",9,4,0
"790","IaL3NMcVUjwk29CnR7w4tw",11,4,0.241209075662211
"791","IaL3NMcVUjwk29CnR7w4tw",18,4,0
"792","IaL3NMcVUjwk29CnR7w4tw",29,4,0.0741295790002791
"793","zgSu213z4MCkPhSqUMfSaQ",19,3,0
"794","5Lg32W4NdRO0fBx0sAz8zQ",11,5,0.0753778361444409
"795","5Lg32W4NdRO0fBx0sAz8zQ",7,5,0.661437827766148
"796","Iam7tYWhssw_rscSBkeRIQ",23,5,0.539531046372681
"797","J5tGb5yI9-bMEohZrtf0SQ",16,5,0.125
"798","J5tGb5yI9-bMEohZrtf0SQ",17,5,0.212097404094273
"799","rPL1gw_0Afm8nOAfLW53MQ",18,5,0.400693842672377
"800","rPL1gw_0Afm8nOAfLW53MQ",62,4,0.0445770445770669
"801","6UXzAVLeWPUIlBtHrbS0-g",22,4,-0.021320071635561
"802","6UXzAVLeWPUIlBtHrbS0-g",14,5,0.133630620956212
"803","6UXzAVLeWPUIlBtHrbS0-g",11,4,0
"804","6UXzAVLeWPUIlBtHrbS0-g",14,5,0.133630620956212
"805","6UXzAVLeWPUIlBtHrbS0-g",9,5,0.166666666666667
"806","xVel-geulMD5JtfoN_34YQ",5,1,0
"807","je5h9jV38Wpist76omY_Pw",15,1,0.0580947501931112
"808","GnPXUkEvX5M0YR_PVGhWgg",21,4,0.403703096936586
"809","5Y18eps2VRmnXaBgzoKW_A",20,4,0.469574275274956
"810","5Y18eps2VRmnXaBgzoKW_A",60,1,-0.193649167310371
"811","5Y18eps2VRmnXaBgzoKW_A",9,5,0.166666666666667
"812","ZmHTzhLol5qqhl1nP-1wEA",24,5,0.0510310363079829
"813","I-7JXoyVi-QpZJLbJMDrgg",34,3,0.265822806970889
"814","y6R_bSCYiotoUjvygVcFaQ",15,5,0.193649167310371
"815","Qn2uD06olrxL_43_4G_Hqg",12,1,0.144337567297406
"816","Qn2uD06olrxL_43_4G_Hqg",8,1,0
"817","_TWp4gqGF7tQUGloTClcNg",14,5,0
"818","_TWp4gqGF7tQUGloTClcNg",14,5,0
"819","LgvarcLVy6h7WiPKMRzz3Q",9,3,0
"820","LgvarcLVy6h7WiPKMRzz3Q",12,4,0.0866025403784439
"821","LgvarcLVy6h7WiPKMRzz3Q",35,4,0.169030850945703
"822","j0hsIpjGjkQwsKbrfZBlwg",32,1,-0.512652416360247
"823","j0hsIpjGjkQwsKbrfZBlwg",21,1,0
"824","gae9LAyt7Qvf_OgAkWASxA",28,3,0.0755928946018454
"825","gae9LAyt7Qvf_OgAkWASxA",15,2,0
"826","gae9LAyt7Qvf_OgAkWASxA",13,2,0.110940039245046
"827","gae9LAyt7Qvf_OgAkWASxA",20,3,0
"828","gae9LAyt7Qvf_OgAkWASxA",13,3,0.110940039245046
"829","gae9LAyt7Qvf_OgAkWASxA",25,3,-0.21
"830","gae9LAyt7Qvf_OgAkWASxA",21,4,0.338237729865788
"831","gae9LAyt7Qvf_OgAkWASxA",22,1,0
"832","gae9LAyt7Qvf_OgAkWASxA",20,1,0
"833","gae9LAyt7Qvf_OgAkWASxA",20,1,0
"834","gae9LAyt7Qvf_OgAkWASxA",9,5,0.7
"835","GQkCw7318u55O1JSCZL1Uw",30,3,0.0365148371670111
"836","WSOFs-EA7vhT4JoHDJz4ew",19,4,0.653834841531101
"837","WSOFs-EA7vhT4JoHDJz4ew",10,5,0.395284707521047
"838","9dS2DSVKwWyyW5uwk7Dpzg",10,5,0
"839","oP0eUhf44jU71-I8DwKU5A",9,1,0
"840","rXULENMtBohv3485zqG0XA",23,3,0.104257207028537
"841","rXULENMtBohv3485zqG0XA",15,4,0.387298334620742
"842","rXULENMtBohv3485zqG0XA",15,5,0.0645497224367903
"843","rXULENMtBohv3485zqG0XA",38,4,0.202776776413453
"844","rXULENMtBohv3485zqG0XA",17,4,0.18190171877725
"845","4f1zK0LmCcpB-qad0KdlxQ",14,2,0
"846","gmbF7yyNkwNTcQlj_ogVVg",41,1,-0.218643266644048
"847","gmbF7yyNkwNTcQlj_ogVVg",65,1,0.0930260509419063
"848","rmmIC5szAimxRnqQx3RUQg",24,3,0.102011041579658
"849","-HLGtKB3XtyawZAuvNoQjQ",16,2,0
"850","-HLGtKB3XtyawZAuvNoQjQ",10,2,0
"851","-HLGtKB3XtyawZAuvNoQjQ",19,1,0
"852","-HLGtKB3XtyawZAuvNoQjQ",13,3,0
"853","-HLGtKB3XtyawZAuvNoQjQ",10,3,0
"854","-HLGtKB3XtyawZAuvNoQjQ",19,3,0.0573539334676404
"855","-HLGtKB3XtyawZAuvNoQjQ",9,2,-0.0833333333333333
"856","-HLGtKB3XtyawZAuvNoQjQ",8,2,0
"857","-HLGtKB3XtyawZAuvNoQjQ",15,2,0
"858","-HLGtKB3XtyawZAuvNoQjQ",6,2,0
"859","XoGOpt6cj_tkSC6Vt1bspQ",130,4,0.185059242073783
"860","XoGOpt6cj_tkSC6Vt1bspQ",9,3,0.3
"861","XoGOpt6cj_tkSC6Vt1bspQ",9,4,-0.25
"862","LqT5jDt-_qkW5-Pwg-VUhA",19,3,0.137649440322337
"863","ZUkdycNnqRowmwkiENqVTg",13,5,0.208012573584461
"864","N34Cpp2JCp8DmYIxgoUCBg",5,3,-0.0894427190999916
"865","N34Cpp2JCp8DmYIxgoUCBg",16,3,-0.2
"866","N34Cpp2JCp8DmYIxgoUCBg",5,1,-0.0894427190999916
"867","N34Cpp2JCp8DmYIxgoUCBg",16,1,-0.2
"868","0vYxDHBR6VUfMtY91POA9Q",39,5,0.252201842243012
"869","0vYxDHBR6VUfMtY91POA9Q",26,5,0.049029033784546
"870","mKcCsAUf0lDtL8qWfQCDqg",38,4,0.0406202438511429
"871","mKcCsAUf0lDtL8qWfQCDqg",28,5,0.122838453727999
"872","r80qDv4gFhnixb2GRUmKeQ",14,2,0
"873","r80qDv4gFhnixb2GRUmKeQ",17,5,0
"874","X3-ZauIT8o2tcoBHjYUKFw",13,3,0
"875","X3-ZauIT8o2tcoBHjYUKFw",10,5,0
"876","OKGfGPx3AJOw6ohrIXM-yg",18,5,0.14142135623731
"877","oNjeUgd9z0tni1rbPjH0rg",15,4,0.129099444873581
"878","AdXJ1hkcH3RRZ2xqBhtuTQ",6,2,0
"879","U7Ag9oPTjWinwcnGH20tcg",22,2,0.362441217804538
"880","U7Ag9oPTjWinwcnGH20tcg",37,1,0.131519189844286
"881","8Jx2aDqLcnzdfHY0FW3Kow",11,2,0
"882","8Jx2aDqLcnzdfHY0FW3Kow",15,2,-0.103279555898864
"883","8Jx2aDqLcnzdfHY0FW3Kow",14,2,-0.133630620956212
"884","8Jx2aDqLcnzdfHY0FW3Kow",25,3,0.08
"885","_82041xhXs6-_WWT82BA8Q",16,4,0.2375
"886","h8Nu-YUosQRb2KIUoglJcg",13,5,0.0693375245281536
"887","h8Nu-YUosQRb2KIUoglJcg",21,4,0.0763762615825973
"888","h8Nu-YUosQRb2KIUoglJcg",9,4,0
"889","h8Nu-YUosQRb2KIUoglJcg",16,4,-0.7125
"890","h8Nu-YUosQRb2KIUoglJcg",11,4,0.226133508433323
"891","h8Nu-YUosQRb2KIUoglJcg",15,5,0
"892","9TvAsXDbpqtK2re5PzrUlg",10,4,0.158113883008419
"893","9TvAsXDbpqtK2re5PzrUlg",16,1,0
"894","LtPnsCPkCb41VG5fQr18IQ",17,1,-0.242535625036333
"895","LtPnsCPkCb41VG5fQr18IQ",37,1,-0.0821994936526786
"896","rZRxuGOxTaf11VcsMviQwQ",19,3,0.0573539334676404
"897","rZRxuGOxTaf11VcsMviQwQ",63,1,-0.220479275922049
"898","rZRxuGOxTaf11VcsMviQwQ",23,2,0.33362306249132
"899","rZRxuGOxTaf11VcsMviQwQ",24,4,0.102062072615966
"900","OPb0zqBiK4IwCb1dY0bbsw",13,5,0.637905225659013
"901","OPb0zqBiK4IwCb1dY0bbsw",20,1,-0.178885438199983
"902","QN-Jwhwvv3ZGTg8bXZXAyg",27,1,-0.202072594216369
"903","-S_Ln95liXJAccWi7ItUGw",24,3,-0.224536559755125
"904","-S_Ln95liXJAccWi7ItUGw",20,3,0.223606797749979
"905","lObg37f1Gv00pR-dBdSLPw",12,4,0
"906","lObg37f1Gv00pR-dBdSLPw",9,5,0.25
"907","LLGCa1g8owtW7xa0BbKDug",16,4,0
"908","LLGCa1g8owtW7xa0BbKDug",11,4,0.241209075662211
"909","GJeequm4jhS8ei1b7-Q33A",71,1,0.209241474156158
"910","GJeequm4jhS8ei1b7-Q33A",33,2,0.278524249529117
"911","GJeequm4jhS8ei1b7-Q33A",12,4,0
"912","5ayNBWXT7BtrW2285_nb9Q",19,5,0.114707866935281
"913","PLrbeJWuPlk4d0773xJ7AA",7,1,0.0944911182523068
"914","PLrbeJWuPlk4d0773xJ7AA",7,4,0.453557367611073
"915","a4I6hTqQwL3Px1aXfHD4Aw",17,3,0.0970142500145332
"916","G5rqI8RjYa5Jkoo1lYbdPw",2,4,0.530330085889911
"917","AZw_8ngMd8vnAbzKX7zPlw",9,5,0.25
"918","9QfhaVVbjJaTxtztHCp7tQ",13,1,0
"919","9QfhaVVbjJaTxtztHCp7tQ",31,1,-0.436440883925063
"920","9QfhaVVbjJaTxtztHCp7tQ",24,5,0.0204124145231932
"921","T6E-tJICIbne91FORVYA5A",15,4,0.296928723209235
"922","hN9eVUOD3eRI4bRppuDMQg",12,5,0.21650635094611
"923","aEH2WZFMzLcbJmTiu1urMg",13,1,0.221880078490092
"924","aEH2WZFMzLcbJmTiu1urMg",47,1,0.141489041752958
"925","aEH2WZFMzLcbJmTiu1urMg",16,1,-0.1875
"926","aEH2WZFMzLcbJmTiu1urMg",39,1,-0.104083299973307
"927","aEH2WZFMzLcbJmTiu1urMg",20,1,0.160996894379985
"928","aEH2WZFMzLcbJmTiu1urMg",22,1,0.0639602149066831
"929","aEH2WZFMzLcbJmTiu1urMg",23,1,0.229365855462782
"930","aEH2WZFMzLcbJmTiu1urMg",37,1,0.0328797974610715
"931","aEH2WZFMzLcbJmTiu1urMg",20,1,0.234787137637478
"932","aEH2WZFMzLcbJmTiu1urMg",26,1,0.098058067569092
"933","aEH2WZFMzLcbJmTiu1urMg",37,1,0.164398987305357
"934","aEH2WZFMzLcbJmTiu1urMg",10,1,0.411096095821889
"935","aEH2WZFMzLcbJmTiu1urMg",11,1,0.271360210119987
"936","aEH2WZFMzLcbJmTiu1urMg",18,1,0
"937","aEH2WZFMzLcbJmTiu1urMg",20,1,0.0559016994374947
"938","aEH2WZFMzLcbJmTiu1urMg",17,1,-0.0606339062590832
"939","aEH2WZFMzLcbJmTiu1urMg",19,2,-0.0802955068546966
"940","aEH2WZFMzLcbJmTiu1urMg",9,1,0
"941","aEH2WZFMzLcbJmTiu1urMg",9,1,0.333333333333333
"942","v3AS5LGeV2Si4nOHZ7lgxQ",12,5,0.144337567297406
"943","v3AS5LGeV2Si4nOHZ7lgxQ",25,4,0.2
"944","v3AS5LGeV2Si4nOHZ7lgxQ",14,3,2.67261241912425e-05
"945","v3AS5LGeV2Si4nOHZ7lgxQ",25,5,-0.01
"946","v3AS5LGeV2Si4nOHZ7lgxQ",24,5,0.204124145231932
"947","v3AS5LGeV2Si4nOHZ7lgxQ",6,5,0
"948","v3AS5LGeV2Si4nOHZ7lgxQ",6,4,0
"949","v3AS5LGeV2Si4nOHZ7lgxQ",17,3,0
"950","v3AS5LGeV2Si4nOHZ7lgxQ",6,5,0
"951","v3AS5LGeV2Si4nOHZ7lgxQ",10,2,0.316227766016838
"952","v3AS5LGeV2Si4nOHZ7lgxQ",18,2,0
"953","v3AS5LGeV2Si4nOHZ7lgxQ",28,2,0.14173667737846
"954","v3AS5LGeV2Si4nOHZ7lgxQ",22,2,0.181220608902269
"955","v3AS5LGeV2Si4nOHZ7lgxQ",36,2,0.125
"956","v3AS5LGeV2Si4nOHZ7lgxQ",19,2,-0.172061800402921
"957","v3AS5LGeV2Si4nOHZ7lgxQ",9,4,0.166666666666667
"958","v3AS5LGeV2Si4nOHZ7lgxQ",14,5,0.160356745147455
"959","Y6ujotEhfTZd2JPZmsQ-Ow",19,4,0.137649440322337
"960","FpW25osFTrQf2dCIzAPavQ",20,5,0.42485291572496
"961","SxC7gGLEZ8B3ooj1Qtjz5w",15,2,0
"962","SxC7gGLEZ8B3ooj1Qtjz5w",32,2,-0.0176776695296637
"963","SxC7gGLEZ8B3ooj1Qtjz5w",33,2,0.0261116483933547
"964","SxC7gGLEZ8B3ooj1Qtjz5w",24,4,0.102062072615966
"965","F4k0RVMbEPfo5a372q-m8g",12,5,0.0721687836487032
"966","F4k0RVMbEPfo5a372q-m8g",6,5,0.204124145231932
"967","F4k0RVMbEPfo5a372q-m8g",19,5,0.0573539334676404
"968","FTVZYUvQtydyO6rQbOFPTw",21,2,0.163663417676994
"969","FTVZYUvQtydyO6rQbOFPTw",11,2,-0.150755672288882
"970","FTVZYUvQtydyO6rQbOFPTw",13,3,0.610170215847752
"971","FTVZYUvQtydyO6rQbOFPTw",23,2,-0.531711755845541
"972","FTVZYUvQtydyO6rQbOFPTw",17,3,-0.521451593828116
"973","FTVZYUvQtydyO6rQbOFPTw",19,5,0.183532587096449
"974","WiU6fACNR6uUAC_6X5z-SQ",28,2,0.198431348329844
"975","hz8mFMIQxQNLKE5rYmg6zQ",38,5,-0.162221421130763
"976","hz8mFMIQxQNLKE5rYmg6zQ",25,5,-0.1
"977","hz8mFMIQxQNLKE5rYmg6zQ",22,2,0
"978","hz8mFMIQxQNLKE5rYmg6zQ",22,5,0
"979","WtO8eoYmrc2_8kuXanug2Q",15,3,0
"980","WtO8eoYmrc2_8kuXanug2Q",18,4,0.259272486435067
"981","WtO8eoYmrc2_8kuXanug2Q",12,5,0.288675134594813
"982","WtO8eoYmrc2_8kuXanug2Q",11,4,0
"983","yQu994zx_7Jv5PyVgrmaLA",16,2,0.1875
"984","yQu994zx_7Jv5PyVgrmaLA",26,1,0
"985","yQu994zx_7Jv5PyVgrmaLA",19,1,0.286769667338202
"986","yQu994zx_7Jv5PyVgrmaLA",42,1,-0.231455024943138
"987","yQu994zx_7Jv5PyVgrmaLA",15,1,0
"988","yQu994zx_7Jv5PyVgrmaLA",10,1,0
"989","hxedolqDRVlKA_iOoI09Ng",20,3,0.245967477524977
"990","hxedolqDRVlKA_iOoI09Ng",26,3,0
"991","hxedolqDRVlKA_iOoI09Ng",38,4,-0.273748648158162
"992","zydbdBR6-CM8UZ6WkW1DWA",14,4,0.133630620956212
"993","B2lr7sQv1NDujuD37tTBNw",10,5,0
"994","B2lr7sQv1NDujuD37tTBNw",13,2,0.208012573584461
"995","B2lr7sQv1NDujuD37tTBNw",16,4,-0.15
"996","B2lr7sQv1NDujuD37tTBNw",32,4,-0.00883883476483185
"997","B2lr7sQv1NDujuD37tTBNw",19,4,0.137649440322337
"998","XsYLY9LLaFB45MW88AyUHg",36,2,0.383333333333333
"999","XsYLY9LLaFB45MW88AyUHg",23,1,-0.0834057656228299
"1000","3v8vcGGeJRZXTGxpeyq0gA",7,5,0
"1001","3v8vcGGeJRZXTGxpeyq0gA",21,4,-0.087505373984633
"1002","zc0sUY7iWuJB93AHWKy_xw",5,4,0
"1003","zc0sUY7iWuJB93AHWKy_xw",23,1,0
"1004","zc0sUY7iWuJB93AHWKy_xw",15,5,0.322748612183951
"1005","kBZ-tBkOKGqUOAypk-L9Cg",18,4,0.294627825494395
"1006","kBZ-tBkOKGqUOAypk-L9Cg",28,4,0.14173667737846
"1007","kBZ-tBkOKGqUOAypk-L9Cg",22,5,0.277160931262294
"1008","0dcNFXs5yMj1n2RtkgIoHg",15,4,0.568037557443755
"1009","2A1wvIFdKQZZe-vtTO7olQ",23,4,0.104257207028537
"1010","-sCaUNqEfFOYwtu8WCw5Wg",9,1,-0.0333333333333333
"1011","FRLsAoFLBd7qH4N5YAoh5w",8,5,0.0353553390593274
"1012","13l5G_oIAjsbo-zPg7LOAA",21,4,0.463549353333807
"1013","13l5G_oIAjsbo-zPg7LOAA",10,4,0
"1014","13l5G_oIAjsbo-zPg7LOAA",5,3,0
"1015","13l5G_oIAjsbo-zPg7LOAA",7,3,0
"1016","13l5G_oIAjsbo-zPg7LOAA",19,3,-0.129046350302191
"1017","sid1Wu5Z4v6yiHacGZdUeQ",16,1,0
"1018","77N_IPeA6Cb70_5m6SwhHQ",25,4,-0.15
"1019","77N_IPeA6Cb70_5m6SwhHQ",22,4,0
"1020","77N_IPeA6Cb70_5m6SwhHQ",19,4,0.229415733870562
"1021","lCl_-LHbb5QTSvac-HQHEw",16,3,0
"1022","RhlGhQt3owSO3-TXfaUoBQ",7,5,0
"1023","RhlGhQt3owSO3-TXfaUoBQ",57,5,0.112585250350529
"1024","wpJcD0Qv-q4ShVJYH0hMLw",24,2,0
"1025","wpJcD0Qv-q4ShVJYH0hMLw",37,2,0.337017923975982
"1026","wpJcD0Qv-q4ShVJYH0hMLw",20,2,0
"1027","wpJcD0Qv-q4ShVJYH0hMLw",35,1,0.321158616796836
"1028","i1t1vBPEWkjPVEW9OoDH2A",11,1,-0.0753778361444409
"1029","A4GjSb9NhUKGUoyyGHNwYQ",24,4,0.306186217847897
"1030","823q9U53y4XSMw_4vs6mcw",22,3,0.0853122666496975
"1031","xeN57OX3lJfY96nfEx63fg",27,5,0.173205080756888
"1032","NrokuoWJAy_VbMprivfAIA",9,4,0.35
"1033","NrokuoWJAy_VbMprivfAIA",62,3,0.158845408845488
"1034","NrokuoWJAy_VbMprivfAIA",17,4,0.0970142500145332
"1035","NrokuoWJAy_VbMprivfAIA",8,5,0
"1036","lU5SyqwRlKS7cNj2DrCpGA",29,4,0.352821142536399
"1037","j6MtKpKdqZC2wXnQetGBIQ",20,3,0
"1038","dcytjy24XmYrLtjTjgyEZA",9,3,0
"1039","dcytjy24XmYrLtjTjgyEZA",14,3,0.200445931434318
"1040","hvS-3lxc8qwyOUpGBm5sAg",7,2,0
"1041","hvS-3lxc8qwyOUpGBm5sAg",37,2,0
"1042","hvS-3lxc8qwyOUpGBm5sAg",12,2,-0.0346410161513775
"1043","wOWZSn3xiSmouEhyJ1RSkA",11,4,0.180906806746658
"1044","rK07YAIZJBFrvx7Z5k39_g",26,1,0
"1045","1sZRrH4lZwUzeCJabZEBQQ",24,2,-0.0816496580927726
"1046","3ytBMy5RWPIdBGt9nhJy1A",59,1,0.253868376412607
"1047","0WsCtzG8xazAmFA5HhQE0A",16,1,0.1875
"1048","mMoOtnrOEKqRrcWJikM9xg",31,2,0.484934315472292
"1049","0mxXTe1LPXOmPy-aGhZTuw",21,1,0
"1050","khSsfe3MUunPsJowDEuFvg",22,4,-0.0959403223600247
"1051","1uH4zHOUSzaWFzWqsVsQlQ",18,1,0
"1052","b8HHE-JcnkXyS0Wjp50wFw",15,1,0.129099444873581
"1053","hlhXDG5GfUUWLduFbbAXzg",20,1,0
"1054","xePC2Iu32dgHzP892OHIUw",11,1,0.572871554697751
"1055","xePC2Iu32dgHzP892OHIUw",8,1,0
"1056","xePC2Iu32dgHzP892OHIUw",12,1,-0.115470053837925
"1057","GfIvdP-fP5nj9zyRTw8V7A",8,4,0.459619407771256
"1058","kEIwUXCl5JhbF4gzuMd3qw",21,1,0.240039679259592
"1059","kEIwUXCl5JhbF4gzuMd3qw",18,1,0.117851130197758
"1060","UzCZyYj511zKERJEpEk7-w",19,4,-0.516242755142232
"1061","JZXv8bTa7NkQ5ntfqv-Pjw",33,1,-0.104446593573419
"1062","Scub4d_tTkdD7g7QxcaaGg",13,1,-0.208012573584461
"1063","Scub4d_tTkdD7g7QxcaaGg",12,1,-0.115470053837925
"1064","IjyNFVZPLVej9de31KGTxA",15,5,0
"1065","w-cJmgsAiw9RLoMs5e7iag",21,2,-0.0109108945117996
"1066","FbUzIBAj2ziuqL2grUgw6Q",13,1,-0.0277350098112615
"1067","E9OP8TODswMcmTEGXE1C_g",12,2,0.0721687836487032
"1068","E9OP8TODswMcmTEGXE1C_g",16,2,0.25
"1069","E9OP8TODswMcmTEGXE1C_g",5,2,0.335410196624968
"1070","eVyEkAUx0BIFf_c1MVeUhw",20,1,0.525475974712451
"1071","HnhlGIi4qUOt3apovg-zdQ",20,2,-0.0894427190999916
"1072","HnhlGIi4qUOt3apovg-zdQ",10,3,0
"1073","o9pydbXW9aT7Hry_z8wbeQ",10,5,0
"1074","o9pydbXW9aT7Hry_z8wbeQ",23,4,0.104257207028537
"1075","4IBXNxLsEcfUIx6LUM2Aqw",17,4,0.18190171877725
"1076","XwwjDG5z91z4fxxUYW-yxw",58,1,-0.157567719431667
"1077","LDxapKCuUbH-G24O4vjD7g",13,1,0.138675049056307
"1078","LDxapKCuUbH-G24O4vjD7g",15,5,0.348568501158668
"1079","8995N0iamENbaMr6lKcqUw",4,5,0
"1080","8995N0iamENbaMr6lKcqUw",23,3,0.594266080062663
"1081","XBY5WCikRpzboqwLc8CcBg",45,2,0
"1082","ss978X4omzcJjIeq6K-kag",17,2,0.121267812518166
"1083","GnODIDJz09LecpudDoynCg",34,1,-0.39444674582777
"1084","dTtMrvC0UoDV-3-8diJYLw",13,3,0
"1085","G0tUd_gFsRMGY3HXQQ3FJQ",10,5,0.648266920334518
"1086","nkM9exy9vHB65VZH8k4FKw",16,1,-0.0625
"1087","nkM9exy9vHB65VZH8k4FKw",14,3,0
"1088","c9UmJiX2G7hKMpivZ3h1oQ",16,5,0.2
"1089","kzCG-KC3YVrQs7l-0d0b1w",21,3,0.163663417676994
"1090","fa_yHDsmP319J11HXoWAHQ",8,3,-0.353553390593274
"1091","oYMsq2Xvzw6UbrIlMWjb-A",14,3,0.267261241912424
"1092","oYMsq2Xvzw6UbrIlMWjb-A",41,1,0.156173761888606
"1093","4l56EXyCWwPlPXcX9qq-jw",19,1,0
"1094","4l56EXyCWwPlPXcX9qq-jw",17,1,-0.242535625036333
"1095","4l56EXyCWwPlPXcX9qq-jw",26,1,-0.215727748652002
"1096","qcmw9NdY-vAoU7En5uic1g",56,5,0.287305835055856
"1097","qcmw9NdY-vAoU7En5uic1g",16,4,-0.15
"1098","qcmw9NdY-vAoU7En5uic1g",14,4,0.253898179816803
"1099","qcmw9NdY-vAoU7En5uic1g",19,5,0.114707866935281
"1100","_laY6Ba-VWXCR6xg7LVtuQ",13,4,0.416025147168922
"1101","_laY6Ba-VWXCR6xg7LVtuQ",26,1,0.49029033784546
"1102","_laY6Ba-VWXCR6xg7LVtuQ",25,1,-0.3
"1103","zc0I2evMOPKNuu1mlm_tsQ",30,2,-0.107262334178095
"1104","Ffcgz0ZYQ6H__t3JFFCZOA",21,5,-0.0545544725589981
"1105","4tJiL2mHKO-erM6xoZji9Q",54,4,0.0681774645074651
"1106","DkEOy5-hSds5Y9RvxMzCVg",19,3,0.286769667338202
"1107","ttwba0MugfWyfGB9HH6fMQ",17,3,0.121267812518166
"1108","LEDaU-rvNk9oBLH6oUcoqg",8,3,0.176776695296637
"1109","Rcc2zK76CsRhQSAXCQusDQ",18,4,-0.0707106781186548
"1110","f9Jspd8aJ7GMMMH1Oianaw",12,3,0.144337567297406
"1111","cyIUABtOaxJoJXTQVPj8DA",4,3,0
"1112","cyIUABtOaxJoJXTQVPj8DA",15,3,-0.154919333848297
"1113","cyIUABtOaxJoJXTQVPj8DA",13,3,0
"1114","cyIUABtOaxJoJXTQVPj8DA",23,3,0
"1115","cyIUABtOaxJoJXTQVPj8DA",11,3,-0.241209075662211
"1116","A5nfhWPv5vHg7hT8zTssfw",5,1,-0.335410196624968
"1117","A5nfhWPv5vHg7hT8zTssfw",23,1,-0.138140799312812
"1118","A5nfhWPv5vHg7hT8zTssfw",37,1,-0.369897721437054
"1119","A5nfhWPv5vHg7hT8zTssfw",13,5,0.221880078490092
"1120","A5nfhWPv5vHg7hT8zTssfw",14,3,0.200445931434318
"1121","o-xFcSeSycAfqplklC222Q",21,4,0.501901147542782
"1122","rHSOhNuRXJypsHKoe1ZjCg",12,1,0.21650635094611
"1123","--GM_ORV2cYS-h38DSaCLw",15,5,0.335658556671309
"1124","--GM_ORV2cYS-h38DSaCLw",14,4,0
"1125","X5O88PUGY740Nob-G-YUxA",20,3,0.0223606797749979
"1126","X5O88PUGY740Nob-G-YUxA",22,3,-0.021320071635561
"1127","X5O88PUGY740Nob-G-YUxA",28,3,-0.0472455591261534
"1128","X5O88PUGY740Nob-G-YUxA",12,1,-0.433012701892219
"1129","v8ShXph_wz9EzYCUSl3cJg",16,2,0
"1130","v8ShXph_wz9EzYCUSl3cJg",3,2,0
"1131","DcdjPu2wFoMp-G3K7PnYqQ",8,5,0
"1132","DcdjPu2wFoMp-G3K7PnYqQ",38,5,0.413664623883444
"1133","sDaZPkwfri8U1Q8leb94Ew",11,4,0.241209075662211
"1134","sDaZPkwfri8U1Q8leb94Ew",16,5,0.1
"1135","T8fYAPbZqxCXyphCn6tfvA",8,3,0
"1136","rV6PwAjgpTx5Knr5lYouoQ",14,2,0
"1137","rV6PwAjgpTx5Knr5lYouoQ",13,4,0.416025147168922
"1138","rV6PwAjgpTx5Knr5lYouoQ",19,5,0
"1139","rV6PwAjgpTx5Knr5lYouoQ",51,1,0.217043413024342
"1140","8RFrcIjrpisD07ygcKwjPA",16,1,0
"1141","8RFrcIjrpisD07ygcKwjPA",12,1,0
"1142","8RFrcIjrpisD07ygcKwjPA",21,1,-0.272772362794991
"1143","8RFrcIjrpisD07ygcKwjPA",12,2,0.375277674973257
"1144","BvARTl3t-aztQ9HPKc9xGQ",18,2,0
"1145","BvARTl3t-aztQ9HPKc9xGQ",8,2,0
"1146","BvARTl3t-aztQ9HPKc9xGQ",15,3,0.154919333848297
"1147","BvARTl3t-aztQ9HPKc9xGQ",33,1,0.0609271795844943
"1148","BvARTl3t-aztQ9HPKc9xGQ",24,1,0.163299316185545
"1149","h2vFVV5pJjn8arA7GR6mQg",23,3,0.375325945302735
"1150","GvBGYrTb6HKMA50TuVQztA",9,1,0
"1151","GvBGYrTb6HKMA50TuVQztA",9,1,0.366666666666667
"1152","GvBGYrTb6HKMA50TuVQztA",15,1,0.206559111797729
"1153","GvBGYrTb6HKMA50TuVQztA",25,1,0.014
"1154","GvBGYrTb6HKMA50TuVQztA",12,1,0
"1155","GvBGYrTb6HKMA50TuVQztA",25,1,0
"1156","MtjwVcFHvtogmJZ7De8M9Q",20,4,0.0223606797749979
"1157","MtjwVcFHvtogmJZ7De8M9Q",11,5,0.000150755672288882
"1158","MtjwVcFHvtogmJZ7De8M9Q",24,3,-0.204124145231932
"1159","ik5eS5kHpz7KVNLJCpJkXA",20,1,-0.178885438199983
"1160","3uP7K1VgnSdEieDoH00A4g",41,2,0.199355807050806
"1161","3fx50m708Tl3xJmSoDpRWQ",11,4,-0.241209075662211
"1162","3fx50m708Tl3xJmSoDpRWQ",29,4,0.111417202906231
"1163","vXjGQvk2EEveU_Syuu_1uw",45,2,0.20881893485878
"1164","k5UzgpVVB6OmdcQFccLHHA",13,3,-0.38829013735766
"1165","3DrQQDMeP1vu0VP2IWERbw",12,2,0
"1166","UWfY2G34d9Yh_1trBILH1w",21,3,0.0408067454741306
"1167","K20MV2jSz0_KxTT8ee8Tow",22,1,0.106600358177805
"1168","K20MV2jSz0_KxTT8ee8Tow",9,1,-0.0833333333333333
"1169","K20MV2jSz0_KxTT8ee8Tow",31,1,0.0898026510133875
"1170","K20MV2jSz0_KxTT8ee8Tow",18,1,-0.176776695296637
"1171","K20MV2jSz0_KxTT8ee8Tow",14,1,0.133630620956212
"1172","K20MV2jSz0_KxTT8ee8Tow",10,1,0.158113883008419
"1173","K20MV2jSz0_KxTT8ee8Tow",21,1,0.185485206700594
"1174","K20MV2jSz0_KxTT8ee8Tow",12,1,0
"1175","lwLd3mQRtzywaf0ndkyOmQ",7,3,-0.0944911182523068
"1176","4372wdpvvPfe4bQsWRhnQw",14,1,-0.133630620956212
"1177","VjaHHmV-rSkFaOAnU3faxg",32,2,0.14142135623731
"1178","H6Gb3P21h4e_stdjFQO9oQ",13,4,0.38829013735766
"1179","H6Gb3P21h4e_stdjFQO9oQ",24,4,0.102062072615966
"1180","2VEa7rpo68KG0_5pBj0dFA",13,5,0
"1181","2VEa7rpo68KG0_5pBj0dFA",19,3,-0.183532587096449
"1182","A-IqLvBfU5Gr_b9HVLETTw",1,3,0
"1183","A-IqLvBfU5Gr_b9HVLETTw",16,4,0.3125
"1184","A-IqLvBfU5Gr_b9HVLETTw",10,4,0.158113883008419
"1185","yxA93kcBmb_51wOx_iZssA",19,4,-0.0573539334676404
"1186","yxA93kcBmb_51wOx_iZssA",7,1,0
"1187","yxA93kcBmb_51wOx_iZssA",15,1,0.258198889747161
"1188","kokytV29X4717mjIC3H7Xg",11,2,0.603022689155527
"1189","kokytV29X4717mjIC3H7Xg",7,2,0
"1190","ZZGs9idRiKRHue2RyXw9uA",30,2,0.182574185835055
"1191","ZZGs9idRiKRHue2RyXw9uA",15,2,0
"1192","ZZGs9idRiKRHue2RyXw9uA",37,5,0.246598480958036
"1193","1c5zSIpq_FxswBIJ-S9yUg",30,4,0.213155361962427
"1194","o6wYg2EP_pzSt8fLT4-JpQ",20,5,0.201246117974981
"1195","7o3pSUrqqmGSxDlthpL63Q",15,4,0.516397779494322
"1196","7o3pSUrqqmGSxDlthpL63Q",24,5,0.0510310363079829
"1197","ly0oNXKOoSZyr0mzOsVJhg",17,1,0.2182820625327
"1198","ly0oNXKOoSZyr0mzOsVJhg",21,5,0.174574312188794
"1199","o47aY911-1rK9tHeXOWxFg",21,4,0.196396101212393
"1200","o47aY911-1rK9tHeXOWxFg",11,4,0.271360210119987
"1201","Tl9h-Qev_OymQ7XB1kbKnw",21,2,0
"1202","Tl9h-Qev_OymQ7XB1kbKnw",10,4,0.490153037326099
"1203","Tl9h-Qev_OymQ7XB1kbKnw",14,5,0.451110250223981
"1204","8xrwjD-Udv7cm_emVcVo3A",25,4,-0.1
"1205","8xrwjD-Udv7cm_emVcVo3A",37,4,0.0575396455568751
"1206","8xrwjD-Udv7cm_emVcVo3A",16,4,0
"1207","NFTOaufaF6oHsshUROAp8g",19,2,0.355594387499371
"1208","NFTOaufaF6oHsshUROAp8g",16,2,0.1875
"1209","MxXo4qc5lXAbis-umS_2pw",20,1,0
"1210","MxXo4qc5lXAbis-umS_2pw",27,1,0
"1211","MxXo4qc5lXAbis-umS_2pw",28,1,-0.113389341902768
"1212","MxXo4qc5lXAbis-umS_2pw",44,1,0.271360210119987
"1213","AxvkpFF3mi8yhDXjqxYTIg",29,1,-0.313360883173775
"1214","AxvkpFF3mi8yhDXjqxYTIg",5,2,0
"1215","AxvkpFF3mi8yhDXjqxYTIg",24,2,0.367423461417477
"1216","dtwgOhP498xDsXv2vmdo7g",23,5,0.375325945302735
"1217","QSM3w1AAdFDQXGE26vNsZA",27,1,0.202072594216369
"1218","QSM3w1AAdFDQXGE26vNsZA",10,1,0.316227766016838
"1219","QSM3w1AAdFDQXGE26vNsZA",29,1,0.104453627724592
"1220","QSM3w1AAdFDQXGE26vNsZA",9,1,0
"1221","Qtv6iGDAHBmAKBgl40JgLw",13,5,0.138675049056307
"1222","Qtv6iGDAHBmAKBgl40JgLw",23,4,0.0521286035142687
"1223","YgO2v1VNtbPA7zgp0szJXA",16,2,0.1875
"1224","FnlNoLbbYtljVmte6_nZFw",12,3,0.162307594425934
"1225","5fmhGouEy_7WLloRyXRyUg",23,4,0.177237251948514
"1226","rXIDrS8Rz8r09vH4gjHfGQ",16,4,0
"1227","gRTEQPvX3s1WzFhOPNbVeg",11,4,0.241209075662211
"1228","gRTEQPvX3s1WzFhOPNbVeg",14,1,0
"1229","mZ3l8RpwszlVAKDu7lWEmg",22,1,0
"1230","mZ3l8RpwszlVAKDu7lWEmg",17,1,0.1455213750218
"1231","yNp0ybYo07JQWlmdz1K4Cw",27,4,0.157809073578498
"1232","yNp0ybYo07JQWlmdz1K4Cw",23,4,-0.344048783194173
"1233","yNp0ybYo07JQWlmdz1K4Cw",20,3,-0.0223606797749979
"1234","yNp0ybYo07JQWlmdz1K4Cw",9,3,0
"1235","yNp0ybYo07JQWlmdz1K4Cw",41,1,-0.0937042571331636
"1236","yNp0ybYo07JQWlmdz1K4Cw",12,5,-0.23094010767585
"1237","ruEXmCPwoZBTVOv6RCEZCg",16,5,0.3125
"1238","ruEXmCPwoZBTVOv6RCEZCg",43,3,-0.198248141432386
"1239","ruEXmCPwoZBTVOv6RCEZCg",22,3,0
"1240","ruEXmCPwoZBTVOv6RCEZCg",27,1,0.144337567297406
"1241","5FAY_DhlgvNyUABqAgZZIQ",14,4,0
"1242","5FAY_DhlgvNyUABqAgZZIQ",19,1,-0.0917662935482247
"1243","oglIZt5mg2nErhpTH_AakQ",28,2,-0.0755928946018454
"1244","oglIZt5mg2nErhpTH_AakQ",11,4,0
"1245","oglIZt5mg2nErhpTH_AakQ",33,2,-0.139262124764558
"1246","XDTC0NpOTHbYlzhooeiVIg",41,1,0.294777975564744
"1247","8R6VkHg7pNvW0mW2_KjDDg",22,1,0.298481002897855
"1248","DO9Wp7zXwc2ZNEb8cXaqbg",10,4,0
"1249","DO9Wp7zXwc2ZNEb8cXaqbg",12,1,0.173205080756888
"1250","DO9Wp7zXwc2ZNEb8cXaqbg",8,4,0.265165042944955
"1251","DO9Wp7zXwc2ZNEb8cXaqbg",14,4,-0.227172055625561
"1252","9ZG39nbjc4qmK5Zn64Ocig",27,4,-0.0769800358919501
"1253","nR3u-wQ99bop6IdGoU38KQ",22,5,0.277160931262294
"1254","irwDkp2eMP2x-4MfunRt8g",9,5,0
"1255","irwDkp2eMP2x-4MfunRt8g",13,3,0
"1256","irwDkp2eMP2x-4MfunRt8g",14,3,-0.427617987059879
"1257","irwDkp2eMP2x-4MfunRt8g",37,4,0.443877265724465
"1258","irwDkp2eMP2x-4MfunRt8g",15,5,0.154919333848297
"1259","irwDkp2eMP2x-4MfunRt8g",6,1,-0.204124145231932
"1260","irwDkp2eMP2x-4MfunRt8g",8,1,0.265165042944955
"1261","irwDkp2eMP2x-4MfunRt8g",19,1,0.0917662935482247
"1262","irwDkp2eMP2x-4MfunRt8g",35,1,0.363416329533262
"1263","irwDkp2eMP2x-4MfunRt8g",12,1,0.115470053837925
"1264","irwDkp2eMP2x-4MfunRt8g",26,1,-0.431455497304005
"1265","irwDkp2eMP2x-4MfunRt8g",22,1,-0.021320071635561
"1266","irwDkp2eMP2x-4MfunRt8g",5,2,0
"1267","irwDkp2eMP2x-4MfunRt8g",22,5,0.485138230067192
"1268","irwDkp2eMP2x-4MfunRt8g",22,5,0.485138230067192
"1269","Bwi7OUVrRqCwKfmAO6fq8A",17,1,0
"1270","Bwi7OUVrRqCwKfmAO6fq8A",8,1,-0.265165042944955
"1271","Bwi7OUVrRqCwKfmAO6fq8A",16,4,0.375
"1272","Bwi7OUVrRqCwKfmAO6fq8A",11,4,0
"1273","ots7CgnVUu7f9qNiZCXw7w",21,1,0.0109108945117996
"1274","ots7CgnVUu7f9qNiZCXw7w",13,1,0
"1275","UxXWkSy6Kzgbhy5hU9gXrA",15,5,0
"1276","UxXWkSy6Kzgbhy5hU9gXrA",17,4,0
"1277","UxXWkSy6Kzgbhy5hU9gXrA",28,4,0.0755928946018454
"1278","TXcVQfX4J0NqKRqgDBgWOA",6,5,0
"1279","oNbHWBPd4O8unJqBi_MNDQ",20,2,-0.234787137637478
"1280","KzNG3-kfGCC01USMS2BZvA",60,2,0.103357015565789
"1281","sxQrSzv4SS4b6o3tgmWS7A",15,4,0.322748612183951
"1282","sxQrSzv4SS4b6o3tgmWS7A",18,3,0
"1283","sxQrSzv4SS4b6o3tgmWS7A",9,3,0
"1284","Y1Nw27hk9C-xofNxO3TIRw",21,3,0.109108945117996
"1285","Y1Nw27hk9C-xofNxO3TIRw",15,5,0
"1286","_LE7iJS_cjButuESEUGnHw",30,4,0
"1287","AlwKuzyrrxlZ04ktebwmcA",11,5,0.979911869877732
"1288","AlwKuzyrrxlZ04ktebwmcA",5,5,0
"1289","soQEl35sQuARBOlH1Y6MaQ",27,2,0.336787657027282
"1290","M4f1JtOp03-gv8xR5JtV8Q",25,4,0.21
"1291","hXmwjL2LeWlsZCAGRUrP2w",38,3,0.814351534076428
"1292","8CjI8nebSDB5aINJc3dLwA",22,1,0.21320071635561
"1293","8CjI8nebSDB5aINJc3dLwA",26,1,0
"1294","8CjI8nebSDB5aINJc3dLwA",31,1,0
"1295","l8IqBeFXK3dqFEs7YL3ukg",12,3,0
"1296","sqDrI3mBAuvaZcUK6vm0Fw",6,3,0
"1297","tNWsJ4kQ_SAPGayTkrulbw",14,4,0.481070235442364
"1298","jEIstIhHuH8FxzIEOTnB1w",32,5,0.0928077650307344
"1299","jEIstIhHuH8FxzIEOTnB1w",26,5,0.147087101353638
"1300","THH2CXT1w2acF7qDECx2yg",13,1,0.138675049056307
"1301","THH2CXT1w2acF7qDECx2yg",23,1,-0.41702882811415
"1302","THH2CXT1w2acF7qDECx2yg",14,1,0.267261241912424
"1303","THH2CXT1w2acF7qDECx2yg",18,1,0
"1304","THH2CXT1w2acF7qDECx2yg",7,3,0
