pizza,food,time,service,family,cost
cheese,meal,reservation,staff,atmosphere,money
sauce,taste,bar,waiter,date,price
crust,quality,delivery,waitress,boyfriend,afford
salad,flavor,table,manager,girlfriend,coupon
chicken,ingredient,location,owner,bf,discount
beer,gluten,spot,hostess,gf,account
bread,amount,counter,bartender,wedding,
wings,product,space,employee,kid,
toppings,menu,waiting,patience,son,
pasta,,review,,daughter,
pepperoni,,seat,,children,
fries,,kitchen,,garden,
drinks,,deliver,,friend,
pie,,drive,,games,
sausage,,walking,,environment,
garlic,,park,,sport,
wine,,takeout,,dog,
sandwich,,book,,parent,
meat,,bathroom,,party,
salads,,distance,,weekend,
burger,,carryout,,student,
dough,,,,adult,
meatballs,,,,community,
beers,,,,meeting,
steak,,,,fiancé,
tomato,,,,wife,
buffalo,,,,husband,
mushrooms,,,,,
sandwiches,,,,,
water,,,,,
meatball,,,,,
cream,,,,,
tomatoes,,,,,
ranch,,,,,
gluten,,,,,
mushroom,,,,,
parmesan,,,,,
burgers,,,,,
shrimp,,,,,
calzone,,,,,
green,,,,,
fish,,,,,
lettuce,,,,,
marinara,,,,,
onion,,,,,
bbq,,,,,
spaghetti,,,,,
basil,,,,,
lasagna,,,,,
margherita,,,,,
gelato,,,,,
sauces,,,,,
olives,,,,,
potato,,,,,
chips,,,,,
gnocchi,,,,,
ravioli,,,,,
potatoes,,,,,
chocolate,,,,,
coffee,,,,,
alfredo,,,,,
ricotta,,,,,
sicilian,,,,,
gyro,,,,,
calamari,,,,,
desserts,,,,,
arugula,,,,,
prosciutto,,,,,
honey,,,,,
salmon,,,,,
veal,,,,,
lemon,,,,,
soda,,,,,
crab,,,,,
eggs,,,,,
egg,,,,,
feta,,,,,
noodles,,,,,
caesar,,,,,
tacos,,,,,
beans,,,,,
wing,,,,,
artichoke,,,,,
zucchini,,,,,
broccoli,,,,,
neapolitan,,,,,
cheeses,,,,,
tea,,,,,
cocktail,,,,,
ribs,,,,,
sprouts,,,,,
taco,,,,,
risotto,,,,,
penne,,,,,
lamb,,,,,
ale,,,,,
toast,,,,,
mussels,,,,,
cheesecake,,,,,
panini,,,,,
wines,,,,,
sugar,,,,,
vodka,,,,,
gyros,,,,,
nachos,,,,,
marsala,,,,,
hawaiian,,,,,
cannoli,,,,,
cheddar,,,,,
rib,,,,,
brew,,,,,
cookies,,,,,
corn,,,,,
brews,,,,,
bakery,,,,,
cheesesteak,,,,,
mayo,,,,,
soups,,,,,
bruschetta,,,,,
cinnamon,,,,,
vinaigrette,,,,,
carbonara,,,,,
brussel,,,,,
scallops,,,,,
coke,,,,,
rigatoni,,,,,
salami,,,,,
fruit,,,,,
spices,,,,,
cajun,,,,,
sushi,,,,,
herbs,,,,,
parmigiana,,,,,
gorgonzola,,,,,
vinegar,,,,,
whiskey,,,,,
cheeseburger,,,,,
fettuccine,,,,,
juice,,,,,
naples,,,,,
biscotti,,,,,
roast,,,,,
salsa,,,,,
avocado,,,,,
cucumber,,,,,
cavatelli,,,,,
squash,,,,,
cakes,,,,,
breast,,,,,
thai,,,,,
oregano,,,,,
stout,,,,,
bisque,,,,,
coleslaw,,,,,
aioli,,,,,
strawberry,,,,,
brisket,,,,,
nutella,,,,,
loaf,,,,,
polenta,,,,,
sodas,,,,,
romano,,,,,
bourbon,,,,,
pistachio,,,,,
coleslaw,,,,,
aioli,,,,,
strawberry,,,,,
brisket,,,,,
nutella,,,,,
loaf,,,,,
polenta,,,,,
sodas,,,,,
romano,,,,,
bourbon,,,,,
pistachio,,,,,
tofu,,,,,
jalapeno,,,,,
wedges,,,,,
maple,,,,,
herb,,,,,
neopolitan,,,,,
dumplings,,,,,
